qvt_feature,til_feature,correlation,p_value,adjusted_p_value,significant
curvature_feature_3,til_feature_8,-0.6370967741935485,0.00011620251602664142,0.11178682041762904,False
curvature_feature_6,til_feature_5,0.572983870967742,0.0007544144877416011,0.3628733686037101,False
branch_feature_10,til_feature_10,-0.5342741935483871,0.001961689354244275,0.4717862896957481,False
angle_feature_14,til_feature_11,0.5443548387096775,0.0015463412131948373,0.4717862896957481,False
statistical_feature_10,til_feature_5,0.35000000000000003,0.05358386471331173,0.7860815152207763,False
angle_feature_1,til_feature_1,-0.360483870967742,0.04635347449393506,0.7860815152207763,False
statistical_feature_15,til_feature_10,-0.40967741935483876,0.02209384380997366,0.7860815152207763,False
statistical_feature_14,til_feature_8,0.355241935483871,0.04986469756652654,0.7860815152207763,False
statistical_feature_7,til_density_score,-0.35887096774193555,0.04741218357779175,0.7860815152207763,False
statistical_feature_8,til_feature_5,0.4024193548387097,0.02481016406602878,0.7860815152207763,False
statistical_feature_9,til_feature_10,-0.3326612903225807,0.0674686391238476,0.7860815152207763,False
statistical_feature_10,til_feature_1,0.3366935483870968,0.06401339094437129,0.7860815152207763,False
statistical_feature_9,til_feature_7,0.3479838709677419,0.05507138203607578,0.7860815152207763,False
statistical_feature_10,til_feature_12,-0.4838709677419355,0.005816338662044764,0.7860815152207763,False
statistical_feature_12,til_feature_6,-0.35887096774193555,0.04741218357779175,0.7860815152207763,False
statistical_feature_17,til_feature_6,-0.3766129032258065,0.03676967088121242,0.7860815152207763,False
statistical_feature_4,til_feature_5,0.4024193548387097,0.02481016406602878,0.7860815152207763,False
statistical_feature_5,til_feature_4,0.36088709677419356,0.046091764242495475,0.7860815152207763,False
branch_feature_14,til_feature_1,-0.35403225806451616,0.05070421857999218,0.7860815152207763,False
angle_feature_6,til_feature_8,0.33225806451612905,0.06782200183297758,0.7860815152207763,False
angle_feature_6,til_feature_9,0.3685483870967742,0.04133927979879279,0.7860815152207763,False
branch_feature_9,til_feature_5,-0.36330645161290326,0.04454614728097123,0.7860815152207763,False
branch_feature_8,til_feature_2,0.35766129032258065,0.04821877834843798,0.7860815152207763,False
angle_feature_6,til_feature_3,-0.3778225806451614,0.036120823688822155,0.7860815152207763,False
branch_feature_15,til_feature_11,-0.4298387096774194,0.015804904322482043,0.7860815152207763,False
branch_feature_12,til_feature_3,-0.3463709677419355,0.05628470717918548,0.7860815152207763,False
angle_feature_4,til_feature_11,-0.435483870967742,0.0143394455647705,0.7860815152207763,False
branch_feature_12,til_feature_2,0.3419354838709678,0.05973021579061356,0.7860815152207763,False
statistical_feature_1,til_feature_11,0.355241935483871,0.04986469756652654,0.7860815152207763,False
angle_feature_4,til_feature_8,0.4983870967741937,0.004324068321463571,0.7860815152207763,False
angle_feature_4,til_feature_3,0.35000000000000003,0.05358386471331173,0.7860815152207763,False
statistical_feature_13,til_feature_10,0.38104838709677424,0.03443564596847131,0.7860815152207763,False
curvature_feature_18,til_feature_5,0.3786290322580646,0.03569341649664864,0.7860815152207763,False
curvature_feature_18,til_density_score,0.4012096774193548,0.02528843657176633,0.7860815152207763,False
curvature_feature_13,til_feature_10,0.39032258064516134,0.02994212464121209,0.7860815152207763,False
curvature_feature_9,til_feature_7,-0.33709677419354844,0.06367562309909644,0.7860815152207763,False
curvature_feature_11,til_feature_3,-0.40967741935483876,0.02209384380997366,0.7860815152207763,False
curvature_feature_13,til_feature_8,-0.33709677419354844,0.06367562309909644,0.7860815152207763,False
curvature_feature_12,til_feature_9,-0.4512096774193548,0.010842606843012532,0.7860815152207763,False
curvature_feature_10,til_feature_1,0.37177419354838714,0.039459678418762946,0.7860815152207763,False
curvature_feature_9,til_feature_4,0.3338709677419355,0.06641715289824215,0.7860815152207763,False
curvature_feature_8,til_feature_8,0.33306451612903226,0.06711671251505522,0.7860815152207763,False
curvature_feature_7,til_feature_4,-0.3435483870967742,0.05845864080546004,0.7860815152207763,False
curvature_feature_6,til_density_score,0.33548387096774196,0.06503510512122593,0.7860815152207763,False
angle_feature_12,til_feature_1,0.3883064516129033,0.030875954204065355,0.7860815152207763,False
curvature_feature_11,til_feature_11,0.4,0.025774237364825543,0.7860815152207763,False
curvature_feature_12,til_feature_11,0.3483870967741936,0.054771300665884676,0.7860815152207763,False
curvature_feature_14,til_feature_12,0.39879032258064523,0.026267652844579055,0.7860815152207763,False
branch_feature_5,til_feature_3,0.3911290322580646,0.029575088760085126,0.7860815152207763,False
branch_feature_3,til_feature_11,-0.3612903225806452,0.04583123356111759,0.7860815152207763,False
angle_feature_9,til_feature_7,0.36653225806451617,0.04255003444358924,0.7860815152207763,False
angle_feature_9,til_feature_1,0.41572580645161294,0.02002179808784085,0.7860815152207763,False
curvature_feature_16,til_feature_3,0.36572580645161296,0.04304221573839155,0.7860815152207763,False
curvature_feature_17,til_feature_11,0.3459677419354839,0.05659130674853688,0.7860815152207763,False
curvature_feature_17,til_feature_1,0.4108870967741936,0.021665889763544416,0.7860815152207763,False
curvature_feature_16,til_density_score,-0.41895161290322586,0.01898409527910195,0.7860815152207763,False
branch_feature_7,til_feature_6,-0.33709677419354844,0.06367562309909644,0.7860815152207763,False
angle_feature_8,til_feature_6,0.3879032258064516,0.031065530877592822,0.7860815152207763,False
branch_feature_2,til_feature_5,0.3866935483870968,0.03163994292996359,0.7860815152207763,False
branch_feature_5,til_feature_8,-0.34314516129032263,0.05877452025163122,0.7860815152207763,False
angle_feature_8,til_feature_4,-0.38870967741935486,0.0306873189249214,0.7860815152207763,False
statistical_feature_1,til_feature_2,-0.41895161290322586,0.01898409527910195,0.7860815152207763,False
statistical_feature_11,til_feature_4,0.3491935483870968,0.05417501212252823,0.7860815152207763,False
branch_feature_8,til_density_score,0.39637096774193553,0.02727767574549853,0.7860815152207763,False
angle_feature_12,til_feature_9,-0.3697580645161291,0.04062619185640778,0.7860815152207763,False
curvature_feature_2,til_feature_10,0.35725806451612907,0.04849005557206219,0.7860815152207763,False
curvature_feature_3,til_feature_1,-0.4475806451612904,0.011578122417099173,0.7860815152207763,False
curvature_feature_3,til_feature_2,-0.41290322580645167,0.02096782411705182,0.7860815152207763,False
angle_feature_14,til_feature_7,0.3721774193548387,0.03922963879295691,0.7860815152207763,False
angle_feature_14,til_feature_1,0.39193548387096777,0.029211724819509337,0.7860815152207763,False
angle_feature_17,til_feature_4,-0.3983870967741936,0.026433831823056853,0.7860815152207763,False
angle_feature_18,til_feature_6,0.3463709677419355,0.05628470717918548,0.7860815152207763,False
angle_feature_12,til_feature_5,0.39395161290322583,0.02831920552200202,0.7860815152207763,False
curvature_feature_3,til_density_score,-0.417741935483871,0.019367888970383166,0.7860815152207763,False
statistical_feature_18,til_feature_10,0.4475806451612904,0.011578122417099173,0.7860815152207763,False
angle_feature_1,til_feature_8,0.3403225806451613,0.06102341407409931,0.7860815152207763,False
curvature_feature_2,til_feature_9,0.33870967741935487,0.06233847129156032,0.7860815152207763,False
angle_feature_17,til_density_score,-0.3641129032258065,0.04404024344288902,0.7860815152207763,False
angle_feature_17,til_feature_5,-0.41572580645161294,0.02002179808784085,0.7860815152207763,False
angle_feature_18,til_feature_1,-0.35887096774193555,0.04741218357779175,0.7860815152207763,False
curvature_feature_5,til_feature_3,0.48991935483870974,0.005148362156183011,0.7860815152207763,False
curvature_feature_2,til_feature_4,-0.4415322580645162,0.01289700261278274,0.7860815152207763,False
curvature_feature_2,til_feature_3,-0.38104838709677424,0.03443564596847131,0.7860815152207763,False
angle_feature_14,til_feature_3,-0.3306451612903226,0.06924988713698552,0.7930760884021436,False
curvature_feature_16,til_feature_11,-0.3278225806451613,0.0718048242479239,0.7939797807643999,False
curvature_feature_7,til_feature_6,0.32862903225806456,0.07106749658929735,0.7939797807643999,False
statistical_feature_12,til_feature_9,-0.328225806451613,0.07143542219257844,0.7939797807643999,False
statistical_feature_10,til_feature_11,-0.3258064516129032,0.07367410936498585,0.8053919682854135,False
curvature_feature_4,til_feature_6,-0.32056451612903225,0.0787106990455658,0.8320845327674098,False
curvature_feature_9,til_feature_12,0.3209677419354839,0.07831409664073877,0.8320845327674098,False
branch_feature_8,til_feature_5,0.3217741935483871,0.07752551437477816,0.8320845327674098,False
angle_feature_15,til_feature_6,0.31854838709677424,0.08071696866759323,0.8349432672927385,False
angle_feature_19,til_feature_6,0.31854838709677424,0.08071696866759323,0.8349432672927385,False
angle_feature_8,til_feature_8,0.2862903225806452,0.11843438144213894,0.8489572545030923,False
angle_feature_8,til_feature_10,0.30201612903225805,0.09868345535021689,0.8489572545030923,False
curvature_feature_9,til_feature_3,0.2919354838709678,0.11103269962362292,0.8489572545030923,False
curvature_feature_7,til_feature_7,0.2814516129032258,0.12506510866701134,0.8489572545030923,False
angle_feature_11,til_feature_3,-0.2903225806451613,0.11311121535219387,0.8489572545030923,False
curvature_feature_15,til_feature_5,-0.2842741935483871,0.1211647002115323,0.8489572545030923,False
curvature_feature_10,til_feature_2,0.29435483870967744,0.10796864769303649,0.8489572545030923,False
curvature_feature_13,til_feature_9,0.28790322580645167,0.11628323502043883,0.8489572545030923,False
angle_feature_10,til_feature_8,-0.2838709677419355,0.12171631382605971,0.8489572545030923,False
curvature_feature_7,til_feature_5,0.30322580645161296,0.0972743596820805,0.8489572545030923,False
curvature_feature_12,til_feature_7,0.29475806451612907,0.10746419746308655,0.8489572545030923,False
branch_feature_1,til_feature_3,0.30322580645161296,0.0972743596820805,0.8489572545030923,False
branch_feature_4,til_feature_10,-0.29395161290322586,0.10847487098459546,0.8489572545030923,False
statistical_feature_3,til_feature_10,0.2907258064516129,0.11258888553295968,0.8489572545030923,False
branch_feature_15,til_feature_3,0.28548387096774197,0.11952097174701456,0.8489572545030923,False
statistical_feature_1,til_feature_4,0.2991935483870968,0.10203130880055777,0.8489572545030923,False
branch_feature_9,til_density_score,-0.2887096774193549,0.11521862762250101,0.8489572545030923,False
curvature_feature_8,til_feature_7,-0.3116935483870968,0.08783339750600865,0.8489572545030923,False
curvature_feature_14,til_feature_7,-0.30685483870967745,0.09313840692180293,0.8489572545030923,False
statistical_feature_4,til_feature_12,-0.29516129032258065,0.10696151696010354,0.8489572545030923,False
angle_feature_5,til_feature_2,-0.3141129032258065,0.08526900604534206,0.8489572545030923,False
statistical_feature_7,til_feature_12,-0.29717741935483877,0.10447454319314413,0.8489572545030923,False
branch_feature_15,til_feature_4,0.30241935483870974,0.09821205271996689,0.8489572545030923,False
statistical_feature_17,til_feature_3,-0.29838709677419356,0.1030033808687638,0.8489572545030923,False
statistical_feature_18,til_feature_2,0.28104838709677427,0.1256297890997469,0.8489572545030923,False
statistical_feature_5,til_feature_11,0.2830645161290323,0.12282511613567898,0.8489572545030923,False
statistical_feature_12,til_feature_3,-0.30362903225806454,0.096808062367711,0.8489572545030923,False
statistical_feature_4,til_feature_3,0.28750000000000003,0.11681827535084394,0.8489572545030923,False
statistical_feature_6,til_feature_12,0.2814516129032258,0.12506510866701134,0.8489572545030923,False
branch_feature_10,til_feature_9,-0.2903225806451613,0.11311121535219387,0.8489572545030923,False
branch_feature_11,til_feature_7,0.3064516129032258,0.09359124270791712,0.8489572545030923,False
branch_feature_13,til_feature_8,0.2830645161290323,0.12282511613567898,0.8489572545030923,False
branch_feature_12,til_feature_5,-0.30846774193548393,0.09134369863150149,0.8489572545030923,False
branch_feature_10,til_feature_2,-0.2834677419354839,0.12226978475463005,0.8489572545030923,False
branch_feature_7,til_feature_12,-0.28911290322580646,0.11468905409982422,0.8489572545030923,False
angle_feature_1,til_feature_5,0.31612903225806455,0.08317613578469107,0.8489572545030923,False
statistical_feature_18,til_feature_11,0.2887096774193549,0.11521862762250101,0.8489572545030923,False
angle_feature_18,til_feature_12,0.2931451612903226,0.10949265005876845,0.8489572545030923,False
curvature_feature_4,til_feature_7,0.310483870967742,0.08913747804425161,0.8489572545030923,False
branch_feature_3,til_feature_2,0.3064516129032258,0.09359124270791712,0.8489572545030923,False
branch_feature_6,til_feature_10,0.28911290322580646,0.11468905409982422,0.8489572545030923,False
branch_feature_2,til_feature_3,0.3149193548387097,0.08442707316481986,0.8489572545030923,False
branch_feature_1,til_feature_8,0.28750000000000003,0.11681827535084394,0.8489572545030923,False
angle_feature_9,til_feature_12,-0.3004032258064516,0.10058618694746227,0.8489572545030923,False
curvature_feature_16,til_feature_5,-0.2806451612903226,0.12619634864235157,0.8489572545030923,False
curvature_feature_4,til_feature_1,0.28750000000000003,0.11681827535084394,0.8489572545030923,False
angle_feature_12,til_feature_3,0.2887096774193549,0.11521862762250101,0.8489572545030923,False
angle_feature_12,til_feature_7,0.2911290322580646,0.11206835848914636,0.8489572545030923,False
curvature_feature_2,til_feature_2,0.2838709677419355,0.12171631382605971,0.8489572545030923,False
angle_feature_13,til_feature_4,-0.2814516129032258,0.12506510866701134,0.8489572545030923,False
curvature_feature_2,til_feature_8,0.27903225806451615,0.1284814393844876,0.858327393665813,False
statistical_feature_19,til_feature_12,0.2766129032258065,0.13196596843619465,0.8674583018493028,False
angle_feature_10,til_feature_6,0.2762096774193548,0.13255339955493506,0.8674583018493028,False
branch_feature_15,til_feature_6,-0.2766129032258065,0.13196596843619465,0.8674583018493028,False
statistical_feature_16,til_feature_11,-0.2754032258064516,0.13373401123778375,0.8692710730455944,False
branch_feature_7,til_density_score,-0.2737903225806452,0.13611831529952007,0.8729721287875887,False
curvature_feature_6,til_feature_3,0.2737903225806452,0.13611831529952007,0.8729721287875887,False
branch_feature_2,til_density_score,0.26451612903225813,0.15043394585351025,0.8770754903701627,False
branch_feature_7,til_feature_11,0.27137096774193553,0.13975282477007556,0.8770754903701627,False
statistical_feature_8,til_feature_10,0.26693548387096777,0.14659890611707888,0.8770754903701627,False
statistical_feature_8,til_density_score,0.2685483870967742,0.14408187701688063,0.8770754903701627,False
statistical_feature_12,til_feature_4,0.2681451612903226,0.14470817186394935,0.8770754903701627,False
statistical_feature_10,til_feature_4,0.2705645161290323,0.1409799015112226,0.8770754903701627,False
angle_feature_9,til_feature_5,0.2717741935483871,0.1391422136321092,0.8770754903701627,False
statistical_feature_5,til_feature_1,-0.2693548387096774,0.14283519548566553,0.8770754903701627,False
curvature_feature_12,til_feature_6,-0.26532258064516134,0.14914763732741515,0.8770754903701627,False
curvature_feature_12,til_feature_2,-0.26451612903225813,0.15043394585351025,0.8770754903701627,False
statistical_feature_18,til_density_score,0.26612903225806456,0.14786929798930423,0.8770754903701627,False
angle_feature_2,til_feature_1,-0.2705645161290323,0.1409799015112226,0.8770754903701627,False
angle_feature_17,til_feature_9,0.26532258064516134,0.14914763732741515,0.8770754903701627,False
angle_feature_15,til_feature_11,-0.2673387096774194,0.14596668364504928,0.8770754903701627,False
curvature_feature_3,til_feature_6,0.2649193548387097,0.14978979409116122,0.8770754903701627,False
branch_feature_14,til_feature_2,-0.2633064516129032,0.1523783979551179,0.8830603544145988,False
curvature_feature_17,til_density_score,0.2625,0.15368472332952357,0.8831597354986638,False
branch_feature_9,til_feature_3,-0.2612903225806452,0.15565930009968656,0.8831597354986638,False
angle_feature_16,til_feature_8,0.2608870967741936,0.15632152645918712,0.8831597354986638,False
curvature_feature_7,til_density_score,0.26048387096774195,0.15698577418947143,0.8831597354986638,False
statistical_feature_18,til_feature_12,0.2616935483870968,0.1549990925251167,0.8831597354986638,False
curvature_feature_8,til_feature_5,0.2592741935483871,0.15899067128859198,0.8892385219745668,False
statistical_feature_17,til_feature_4,-0.25604838709677424,0.16442663747423167,0.8910111242303981,False
branch_feature_5,til_feature_2,-0.25604838709677424,0.16442663747423167,0.8910111242303981,False
curvature_feature_17,til_feature_8,0.25000000000000006,0.17497390386838466,0.8910111242303981,False
branch_feature_11,til_feature_6,-0.2584677419354839,0.1603374230892852,0.8910111242303981,False
branch_feature_8,til_feature_8,0.2451612903225807,0.18374934751551816,0.8910111242303981,False
branch_feature_8,til_feature_1,0.24838709677419357,0.17786547856329232,0.8910111242303981,False
curvature_feature_14,til_feature_9,-0.2548387096774194,0.16649890634193867,0.8910111242303981,False
angle_feature_19,til_feature_7,0.24677419354838712,0.1807905803047721,0.8910111242303981,False
angle_feature_5,til_feature_10,-0.24435483870967747,0.18524139796889774,0.8910111242303981,False
angle_feature_12,til_feature_8,-0.2532258064516129,0.16929076470228163,0.8910111242303981,False
statistical_feature_4,til_feature_6,0.2520161290322581,0.1714063664396801,0.8910111242303981,False
angle_feature_20,til_feature_5,0.25282258064516133,0.16999389394287756,0.8910111242303981,False
angle_feature_20,til_feature_1,-0.2548387096774194,0.16649890634193867,0.8910111242303981,False
angle_feature_11,til_feature_2,-0.24798387096774194,0.1785936053713657,0.8910111242303981,False
statistical_feature_2,til_feature_7,-0.25725806451612904,0.16237283181287626,0.8910111242303981,False
curvature_feature_10,til_feature_3,-0.24717741935483872,0.1800561540791485,0.8910111242303981,False
curvature_feature_9,til_feature_11,-0.24475806451612908,0.18449431543516437,0.8910111242303981,False
statistical_feature_4,til_feature_4,0.24717741935483872,0.1800561540791485,0.8910111242303981,False
statistical_feature_11,til_feature_3,0.24758064516129033,0.17932382982006168,0.8910111242303981,False
branch_feature_14,til_feature_7,-0.24475806451612908,0.18449431543516437,0.8910111242303981,False
statistical_feature_3,til_feature_9,0.2532258064516129,0.16929076470228163,0.8910111242303981,False
angle_feature_11,til_feature_11,0.2495967741935484,0.17569366208203166,0.8910111242303981,False
curvature_feature_1,til_feature_4,0.2451612903225807,0.18374934751551816,0.8910111242303981,False
curvature_feature_1,til_feature_8,0.2512096774193549,0.17282713975022349,0.8910111242303981,False
statistical_feature_5,til_feature_6,-0.2532258064516129,0.16929076470228163,0.8910111242303981,False
statistical_feature_4,til_feature_9,0.2463709677419355,0.181527110639398,0.8910111242303981,False
angle_feature_1,til_density_score,0.2540322580645161,0.16789070852933724,0.8910111242303981,False
statistical_feature_3,til_density_score,0.2459677419354839,0.1822657472117537,0.8910111242303981,False
curvature_feature_14,til_feature_3,0.2435483870967742,0.18674191510118873,0.8937598125738485,False
statistical_feature_14,til_feature_7,-0.24274193548387096,0.18825091521630472,0.8965216853370551,False
branch_feature_4,til_feature_7,-0.24112903225806454,0.19129442847272674,0.9065282768017887,False
angle_feature_18,til_feature_7,-0.23750000000000004,0.1982672770608081,0.9125986628349158,False
branch_feature_7,til_feature_3,-0.23870967741935487,0.19592371516334753,0.9125986628349158,False
angle_feature_14,til_density_score,0.2395161290322581,0.19437206359211578,0.9125986628349158,False
angle_feature_10,til_feature_12,0.23830645161290326,0.19670275601521825,0.9125986628349158,False
curvature_feature_16,til_feature_10,-0.23830645161290326,0.19670275601521825,0.9125986628349158,False
statistical_feature_14,til_feature_12,0.23750000000000004,0.1982672770608081,0.9125986628349158,False
statistical_feature_17,til_feature_10,0.23629032258064517,0.2006301841627385,0.9140004071522023,False
angle_feature_2,til_feature_12,-0.23588709677419356,0.2014221271478866,0.9140004071522023,False
curvature_feature_11,til_feature_12,-0.23588709677419356,0.2014221271478866,0.9140004071522023,False
branch_feature_3,til_feature_6,-0.23508064516129035,0.2030124845762512,0.9168920664899233,False
angle_feature_14,til_feature_9,-0.22298387096774194,0.22791180643578746,0.9204812567081282,False
branch_feature_10,til_feature_5,0.22540322580645164,0.22277440722193506,0.9204812567081282,False
statistical_feature_10,til_feature_3,0.22298387096774194,0.22791180643578746,0.9204812567081282,False
curvature_feature_8,til_feature_11,-0.2274193548387097,0.21855365859950476,0.9204812567081282,False
angle_feature_19,til_feature_12,-0.22217741935483873,0.2296418935654374,0.9204812567081282,False
curvature_feature_10,til_feature_4,-0.22620967741935488,0.22107952744785542,0.9204812567081282,False
branch_feature_10,til_feature_12,0.22822580645161292,0.21688069706471844,0.9204812567081282,False
statistical_feature_3,til_feature_5,0.2274193548387097,0.21855365859950476,0.9204812567081282,False
curvature_feature_6,til_feature_10,-0.22217741935483873,0.2296418935654374,0.9204812567081282,False
angle_feature_13,til_feature_5,-0.23024193548387098,0.21273653808139603,0.9204812567081282,False
curvature_feature_3,til_feature_5,-0.22580645161290325,0.22192586970608902,0.9204812567081282,False
statistical_feature_5,til_feature_7,0.23024193548387098,0.21273653808139603,0.9204812567081282,False
angle_feature_4,til_density_score,0.23185483870967746,0.20946044995261567,0.9204812567081282,False
statistical_feature_6,til_feature_1,0.22903225806451613,0.21521648306786986,0.9204812567081282,False
statistical_feature_7,til_feature_3,0.2237903225806452,0.22619053635315378,0.9204812567081282,False
branch_feature_6,til_feature_1,-0.22459677419354843,0.22447807335814562,0.9204812567081282,False
branch_feature_4,til_feature_6,0.22540322580645164,0.22277440722193506,0.9204812567081282,False
branch_feature_3,til_feature_8,0.22903225806451613,0.21521648306786986,0.9204812567081282,False
branch_feature_11,til_feature_12,0.23145161290322586,0.21027620819409898,0.9204812567081282,False
angle_feature_16,til_feature_1,0.2266129032258065,0.22023537909356558,0.9204812567081282,False
statistical_feature_12,til_feature_12,0.23024193548387098,0.21273653808139603,0.9204812567081282,False
curvature_feature_14,til_feature_11,-0.2237903225806452,0.22619053635315378,0.9204812567081282,False
angle_feature_7,til_feature_7,-0.2334677419354839,0.20621913334032563,0.9204812567081282,False
angle_feature_1,til_feature_6,0.23225806451612907,0.2086468649506737,0.9204812567081282,False
angle_feature_14,til_feature_2,-0.22419354838709676,0.22533320460270218,0.9204812567081282,False
angle_feature_15,til_feature_7,-0.22258064516129034,0.22877574725784175,0.9204812567081282,False
angle_feature_12,til_feature_4,0.22983870967741934,0.2135610049271245,0.9204812567081282,False
branch_feature_6,til_feature_12,0.22137096774193551,0.23138080743046993,0.9232559562102541,False
branch_feature_5,til_feature_9,0.22096774193548388,0.23225357734187269,0.9232559562102541,False
curvature_feature_10,til_density_score,0.22016129032258067,0.2340057488789249,0.9260635940609483,False
curvature_feature_11,til_feature_1,0.21975806451612906,0.23488515275558358,0.9260635940609483,False
angle_feature_16,til_feature_10,-0.2149193548387097,0.24561095275417302,0.929219647406094,False
branch_feature_2,til_feature_6,0.21330645161290326,0.24925735106855243,0.929219647406094,False
angle_feature_9,til_feature_8,0.21653225806451612,0.2420001600687232,0.929219647406094,False
branch_feature_12,til_feature_8,0.21330645161290326,0.24925735106855243,0.929219647406094,False
curvature_feature_11,til_feature_7,0.21532258064516133,0.24470491876525316,0.929219647406094,False
angle_feature_8,til_feature_9,-0.21290322580645166,0.2501745204554868,0.929219647406094,False
branch_feature_1,til_feature_5,0.21653225806451612,0.2420001600687232,0.929219647406094,False
branch_feature_6,til_feature_9,-0.2185483870967742,0.23753664996125692,0.929219647406094,False
angle_feature_11,til_feature_9,-0.21532258064516133,0.24470491876525316,0.929219647406094,False
branch_feature_12,til_feature_6,-0.21330645161290326,0.24925735106855243,0.929219647406094,False
branch_feature_11,til_feature_10,-0.21733870967741936,0.2402080977100094,0.929219647406094,False
statistical_feature_4,til_density_score,0.21653225806451612,0.2420001600687232,0.929219647406094,False
statistical_feature_15,til_feature_3,0.2145161290322581,0.2465192121172609,0.929219647406094,False
statistical_feature_15,til_feature_8,0.2137096774193549,0.24834241043069952,0.929219647406094,False
statistical_feature_19,til_feature_1,-0.21411290322580648,0.2474296977251898,0.929219647406094,False
statistical_feature_17,til_feature_8,0.20080645161290328,0.27872927179347395,0.9311642468571995,False
angle_feature_1,til_feature_11,-0.18750000000000003,0.312471627554205,0.9311642468571995,False
angle_feature_1,til_feature_7,0.1907258064516129,0.3040671483646285,0.9311642468571995,False
angle_feature_2,til_feature_11,-0.18870967741935485,0.30930312482867467,0.9311642468571995,False
angle_feature_13,til_feature_7,-0.2080645161290323,0.26135466802539553,0.9311642468571995,False
curvature_feature_18,til_feature_8,0.19112903225806452,0.3030266852328359,0.9311642468571995,False
branch_feature_4,til_feature_8,0.1923387096774194,0.2999187649655265,0.9311642468571995,False
curvature_feature_5,til_feature_9,-0.19959677419354843,0.28169570343948896,0.9311642468571995,False
angle_feature_8,til_density_score,0.18306451612903227,0.32426197785567756,0.9311642468571995,False
angle_feature_13,til_feature_8,0.20201612903225807,0.2757830440807363,0.9311642468571995,False
statistical_feature_4,til_feature_1,0.18951612903225806,0.30720200329145125,0.9311642468571995,False
statistical_feature_6,til_feature_5,-0.21008064516129035,0.2566571759390197,0.9311642468571995,False
curvature_feature_5,til_feature_8,-0.1866935483870968,0.31459517166493095,0.9311642468571995,False
branch_feature_6,til_feature_4,0.1862903225806452,0.3156603050895826,0.9311642468571995,False
statistical_feature_7,til_feature_5,-0.2080645161290323,0.26135466802539553,0.9311642468571995,False
curvature_feature_3,til_feature_11,0.2016129032258065,0.2767628754985213,0.9311642468571995,False
angle_feature_14,til_feature_5,0.19112903225806452,0.3030266852328359,0.9311642468571995,False
angle_feature_9,til_feature_3,0.18306451612903227,0.32426197785567756,0.9311642468571995,False
angle_feature_20,til_density_score,0.19838709677419356,0.2846823443722704,0.9311642468571995,False
statistical_feature_4,til_feature_10,-0.18870967741935485,0.30930312482867467,0.9311642468571995,False
angle_feature_20,til_feature_12,0.1931451612903226,0.29785804451006237,0.9311642468571995,False
angle_feature_20,til_feature_11,0.1866935483870968,0.31459517166493095,0.9311642468571995,False
curvature_feature_17,til_feature_7,-0.20524193548387096,0.2680251540777635,0.9311642468571995,False
angle_feature_9,til_feature_9,-0.19193548387096776,0.30095249330661095,0.9311642468571995,False
statistical_feature_5,til_feature_8,-0.18346774193548387,0.3231789373788506,0.9311642468571995,False
curvature_feature_5,til_feature_2,-0.2024193548387097,0.27480545678838686,0.9311642468571995,False
angle_feature_4,til_feature_5,0.20443548387096774,0.26995117121922096,0.9311642468571995,False
statistical_feature_6,til_feature_4,0.2,0.2807046476465546,0.9311642468571995,False
statistical_feature_9,til_feature_2,-0.18548387096774197,0.31779729227486475,0.9311642468571995,False
angle_feature_12,til_density_score,0.20080645161290328,0.27872927179347395,0.9311642468571995,False
curvature_feature_6,til_feature_6,0.20362903225806453,0.2718861566199884,0.9311642468571995,False
angle_feature_5,til_feature_3,0.1991935483870968,0.2826890047216951,0.9311642468571995,False
statistical_feature_3,til_feature_6,0.18306451612903227,0.32426197785567756,0.9311642468571995,False
statistical_feature_3,til_feature_7,-0.19596774193548389,0.29071626762763747,0.9311642468571995,False
statistical_feature_3,til_feature_11,-0.18790322580645163,0.31141321776776876,0.9311642468571995,False
statistical_feature_1,til_density_score,0.18467741935483872,0.3199432364653571,0.9311642468571995,False
statistical_feature_2,til_feature_3,0.1931451612903226,0.29785804451006237,0.9311642468571995,False
branch_feature_14,til_feature_9,0.20725806451612905,0.26324932462681283,0.9311642468571995,False
angle_feature_20,til_feature_4,0.1903225806451613,0.30510985593974327,0.9311642468571995,False
angle_feature_19,til_feature_9,0.2120967741935484,0.2520155486531732,0.9311642468571995,False
branch_feature_14,til_feature_11,-0.1931451612903226,0.29785804451006237,0.9311642468571995,False
angle_feature_3,til_feature_10,0.20403225806451616,0.27091754268964185,0.9311642468571995,False
branch_feature_10,til_feature_3,0.20120967741935486,0.27774495131732646,0.9311642468571995,False
angle_feature_10,til_feature_7,-0.1955645161290323,0.29172978314345427,0.9311642468571995,False
curvature_feature_13,til_feature_11,-0.18306451612903227,0.32426197785567756,0.9311642468571995,False
branch_feature_10,til_feature_4,0.1939516129032258,0.29580630676653497,0.9311642468571995,False
angle_feature_10,til_feature_3,0.19354838709677422,0.29683105272858545,0.9311642468571995,False
statistical_feature_2,til_feature_4,0.1967741935483871,0.2886959752534602,0.9311642468571995,False
angle_feature_5,til_feature_12,-0.19596774193548389,0.29071626762763747,0.9311642468571995,False
angle_feature_5,til_feature_7,0.18951612903225806,0.30720200329145125,0.9311642468571995,False
angle_feature_17,til_feature_7,-0.18387096774193548,0.322098133241914,0.9311642468571995,False
statistical_feature_3,til_feature_1,-0.19435483870967743,0.2947838067403911,0.9311642468571995,False
statistical_feature_1,til_feature_3,0.20201612903225807,0.2757830440807363,0.9311642468571995,False
statistical_feature_3,til_feature_3,-0.1862903225806452,0.3156603050895826,0.9311642468571995,False
angle_feature_7,til_feature_12,0.1899193548387097,0.3061548076811116,0.9311642468571995,False
angle_feature_9,til_density_score,0.18346774193548387,0.3231789373788506,0.9311642468571995,False
curvature_feature_16,til_feature_4,-0.19637096774193552,0.28970499833184016,0.9311642468571995,False
curvature_feature_6,til_feature_9,0.1866935483870968,0.31459517166493095,0.9311642468571995,False
statistical_feature_13,til_feature_5,0.2056451612903226,0.2670655075690904,0.9311642468571995,False
statistical_feature_11,til_density_score,0.20120967741935486,0.27774495131732646,0.9311642468571995,False
branch_feature_14,til_feature_6,0.20645161290322583,0.26515293643986276,0.9311642468571995,False
angle_feature_3,til_feature_12,0.2,0.2807046476465546,0.9311642468571995,False
curvature_feature_10,til_feature_11,0.2,0.2807046476465546,0.9311642468571995,False
curvature_feature_10,til_feature_9,0.1862903225806452,0.3156603050895826,0.9311642468571995,False
curvature_feature_19,til_feature_6,-0.21008064516129035,0.2566571759390197,0.9311642468571995,False
curvature_feature_19,til_feature_7,0.21169354838709678,0.25293940900688705,0.9311642468571995,False
statistical_feature_15,til_feature_5,0.20766129032258068,0.2623008771928932,0.9311642468571995,False
angle_feature_1,til_feature_3,0.1862903225806452,0.3156603050895826,0.9311642468571995,False
curvature_feature_19,til_feature_4,0.20201612903225807,0.2757830440807363,0.9311642468571995,False
branch_feature_1,til_feature_10,-0.18467741935483872,0.3199432364653571,0.9311642468571995,False
curvature_feature_19,til_feature_5,-0.18790322580645163,0.31141321776776876,0.9311642468571995,False
branch_feature_10,til_feature_8,-0.19354838709677422,0.29683105272858545,0.9311642468571995,False
statistical_feature_12,til_feature_1,-0.19153225806451615,0.3019884668012518,0.9311642468571995,False
angle_feature_19,til_feature_4,-0.2088709677419355,0.2594689622317088,0.9311642468571995,False
curvature_feature_12,til_feature_4,0.2024193548387097,0.27480545678838686,0.9311642468571995,False
angle_feature_16,til_feature_3,-0.19879032258064516,0.2836845516526309,0.9311642468571995,False
angle_feature_19,til_feature_8,-0.18185483870967745,0.3275245107693264,0.935293086769087,False
curvature_feature_7,til_feature_1,0.18145161290322584,0.32861648994589543,0.935293086769087,False
branch_feature_12,til_feature_10,0.18145161290322584,0.32861648994589543,0.935293086769087,False
curvature_feature_18,til_feature_4,0.1810483870967742,0.32971070202871466,0.9356392193263231,False
statistical_feature_17,til_feature_2,0.17983870967741938,0.33300672811998067,0.9394500658399455,False
statistical_feature_17,til_feature_12,0.17983870967741938,0.33300672811998067,0.9394500658399455,False
statistical_feature_9,til_feature_9,-0.17903225806451614,0.3352152290902075,0.9429153520022796,False
angle_feature_18,til_feature_2,-0.1774193548387097,0.3396589610772237,0.9443697125904312,False
curvature_feature_11,til_feature_9,0.1774193548387097,0.3396589610772237,0.9443697125904312,False
statistical_feature_16,til_density_score,-0.17782258064516132,0.33854468904991897,0.9443697125904312,False
statistical_feature_14,til_feature_9,0.1774193548387097,0.3396589610772237,0.9443697125904312,False
statistical_feature_9,til_feature_12,-0.17580645161290323,0.344138284253946,0.9458886555779886,False
angle_feature_17,til_feature_11,-0.17580645161290323,0.344138284253946,0.9458886555779886,False
branch_feature_8,til_feature_3,0.17620967741935484,0.3430151201584817,0.9458886555779886,False
angle_feature_6,til_feature_10,-0.17580645161290323,0.344138284253946,0.9458886555779886,False
statistical_feature_15,til_feature_7,0.1745967741935484,0.3475210954433021,0.9524652245483095,False
curvature_feature_15,til_density_score,-0.1733870967741936,0.3509238624248171,0.9590589649223694,False
angle_feature_13,til_feature_3,-0.17298387096774195,0.35206254749441335,0.9594452427468149,False
statistical_feature_19,til_feature_9,0.1721774193548387,0.3543465547606558,0.960229255435918,False
statistical_feature_6,til_feature_3,-0.1721774193548387,0.3543465547606558,0.960229255435918,False
statistical_feature_2,til_feature_8,-0.1717741935483871,0.35549187455410935,0.9606269194411606,False
branch_feature_12,til_feature_9,0.1709677419354839,0.3577891402941893,0.9641264788879835,False
statistical_feature_7,til_feature_10,-0.16895161290322583,0.3635708971558915,0.9670188088733138,False
curvature_feature_4,til_feature_4,-0.16814516129032261,0.3658990087628755,0.9670188088733138,False
angle_feature_3,til_feature_9,-0.16935483870967744,0.3624101405071598,0.9670188088733138,False
curvature_feature_11,til_density_score,0.16975806451612904,0.3612515851458483,0.9670188088733138,False
branch_feature_1,til_feature_2,-0.16895161290322583,0.3635708971558915,0.9670188088733138,False
statistical_feature_19,til_feature_6,0.16854838709677422,0.36473385370920675,0.9670188088733138,False
curvature_feature_15,til_feature_4,-0.16814516129032261,0.3658990087628755,0.9670188088733138,False
branch_feature_7,til_feature_1,0.16774193548387098,0.36706636089126055,0.9674461347325826,False
curvature_feature_6,til_feature_8,0.16733870967741937,0.3682359086473028,0.9678768964991948,False
angle_feature_9,til_feature_11,-0.16693548387096774,0.3694076505625091,0.9683110622374218,False
angle_feature_15,til_density_score,-0.14758064516129032,0.4281974280610519,0.9692374724581927,False
curvature_feature_17,til_feature_4,-0.15887096774193551,0.3933008105079191,0.9692374724581927,False
branch_feature_5,til_feature_11,-0.1548387096774194,0.40557202807360526,0.9692374724581927,False
branch_feature_6,til_feature_2,-0.14798387096774193,0.42692251600323894,0.9692374724581927,False
curvature_feature_1,til_feature_3,-0.15120967741935487,0.4167989657486697,0.9692374724581927,False
curvature_feature_19,til_feature_12,-0.14838709677419354,0.4256497022345397,0.9692374724581927,False
branch_feature_2,til_feature_7,-0.1616935483870968,0.38483925669369556,0.9692374724581927,False
curvature_feature_2,til_feature_7,-0.14919354838709678,0.4231103795680946,0.9692374724581927,False
angle_feature_2,til_density_score,-0.1556451612903226,0.4031006140025407,0.9692374724581927,False
angle_feature_3,til_feature_2,-0.14838709677419354,0.4256497022345397,0.9692374724581927,False
statistical_feature_7,til_feature_7,0.14919354838709678,0.4231103795680946,0.9692374724581927,False
statistical_feature_8,til_feature_6,0.14798387096774193,0.42692251600323894,0.9692374724581927,False
curvature_feature_20,til_feature_4,-0.15443548387096775,0.4068109430996396,0.9692374724581927,False
angle_feature_12,til_feature_12,-0.1560483870967742,0.401868119211223,0.9692374724581927,False
curvature_feature_3,til_feature_10,-0.16572580645161292,0.37293602625639855,0.9692374724581927,False
curvature_feature_20,til_feature_7,0.1528225806451613,0.41178793916869205,0.9692374724581927,False
branch_feature_4,til_density_score,-0.15040322580645166,0.4193171946903812,0.9692374724581927,False
branch_feature_6,til_feature_6,-0.16008064516129034,0.38966144240989276,0.9692374724581927,False
branch_feature_3,til_feature_3,0.1528225806451613,0.41178793916869205,0.9692374724581927,False
branch_feature_7,til_feature_9,-0.15000000000000002,0.4205794798521948,0.9692374724581927,False
angle_feature_10,til_feature_10,-0.15443548387096775,0.4068109430996396,0.9692374724581927,False
curvature_feature_13,til_feature_7,-0.15927419354838712,0.39208552690474663,0.9692374724581927,False
branch_feature_9,til_feature_9,-0.15846774193548388,0.3945182524606957,0.9692374724581927,False
angle_feature_11,til_feature_4,-0.1528225806451613,0.41178793916869205,0.9692374724581927,False
branch_feature_12,til_feature_12,0.15685483870967742,0.39940956458872723,0.9692374724581927,False
branch_feature_11,til_feature_11,0.14758064516129032,0.4281974280610519,0.9692374724581927,False
branch_feature_9,til_feature_10,-0.16330645161290325,0.38005181203439187,0.9692374724581927,False
branch_feature_14,til_feature_10,0.14838709677419354,0.4256497022345397,0.9692374724581927,False
angle_feature_11,til_feature_12,0.15967741935483873,0.39087240357225683,0.9692374724581927,False
statistical_feature_1,til_feature_8,-0.15645161290322582,0.400637768715729,0.9692374724581927,False
statistical_feature_10,til_feature_9,0.15766129032258067,0.3969596036225368,0.9692374724581927,False
curvature_feature_7,til_feature_9,0.16370967741935485,0.37886039231167457,0.9692374724581927,False
angle_feature_9,til_feature_10,-0.15725806451612906,0.39818350888121823,0.9692374724581927,False
curvature_feature_15,til_feature_3,0.1536290322580645,0.40929517833582896,0.9692374724581927,False
branch_feature_8,til_feature_10,0.15040322580645166,0.4193171946903812,0.9692374724581927,False
angle_feature_7,til_feature_4,0.1548387096774194,0.40557202807360526,0.9692374724581927,False
curvature_feature_16,til_feature_9,-0.16129032258064518,0.3860415506135978,0.9692374724581927,False
curvature_feature_14,til_feature_5,-0.14798387096774193,0.42692251600323894,0.9692374724581927,False
curvature_feature_7,til_feature_12,-0.16330645161290325,0.38005181203439187,0.9692374724581927,False
statistical_feature_12,til_density_score,-0.15927419354838712,0.39208552690474663,0.9692374724581927,False
curvature_feature_15,til_feature_12,-0.14758064516129032,0.4281974280610519,0.9692374724581927,False
curvature_feature_16,til_feature_8,-0.15080645161290326,0.4180570225304582,0.9692374724581927,False
statistical_feature_12,til_feature_8,-0.1532258064516129,0.41054049416218064,0.9692374724581927,False
angle_feature_13,til_feature_1,-0.16370967741935485,0.37886039231167457,0.9692374724581927,False
curvature_feature_5,til_feature_1,-0.15040322580645166,0.4193171946903812,0.9692374724581927,False
curvature_feature_4,til_feature_9,-0.15645161290322582,0.400637768715729,0.9692374724581927,False
statistical_feature_15,til_feature_11,-0.1620967741935484,0.3836391341168397,0.9692374724581927,False
angle_feature_20,til_feature_8,0.1524193548387097,0.41303751110924614,0.9692374724581927,False
branch_feature_2,til_feature_1,0.16330645161290325,0.38005181203439187,0.9692374724581927,False
angle_feature_18,til_feature_5,-0.15766129032258067,0.3969596036225368,0.9692374724581927,False
statistical_feature_11,til_feature_10,-0.15967741935483873,0.39087240357225683,0.9692374724581927,False
curvature_feature_12,til_feature_5,-0.15725806451612906,0.39818350888121823,0.9692374724581927,False
branch_feature_1,til_feature_6,0.16129032258064518,0.3860415506135978,0.9692374724581927,False
angle_feature_15,til_feature_9,0.155241935483871,0.4043352509953403,0.9692374724581927,False
statistical_feature_16,til_feature_5,-0.16572580645161292,0.37293602625639855,0.9692374724581927,False
statistical_feature_13,til_feature_11,-0.1528225806451613,0.41178793916869205,0.9692374724581927,False
statistical_feature_13,til_density_score,0.15201612903225808,0.4142892077160375,0.9692374724581927,False
statistical_feature_14,til_feature_3,0.1536290322580645,0.40929517833582896,0.9692374724581927,False
statistical_feature_16,til_feature_12,-0.12500000000000003,0.5028542101272221,0.9730076481738574,False
angle_feature_17,til_feature_1,0.12701612903225806,0.4959347293416866,0.9730076481738574,False
statistical_feature_14,til_feature_2,0.13790322580645165,0.459417907855204,0.9730076481738574,False
statistical_feature_15,til_feature_12,-0.12258064516129034,0.5112209001524455,0.9730076481738574,False
branch_feature_1,til_feature_9,-0.12056451612903227,0.5182453456993674,0.9730076481738574,False
curvature_feature_20,til_feature_12,0.12983870967741937,0.48632896336453246,0.9730076481738574,False
angle_feature_15,til_feature_4,-0.1366935483870968,0.4634034557016268,0.9730076481738574,False
statistical_feature_16,til_feature_8,0.11733870967741936,0.5295818795445784,0.9730076481738574,False
statistical_feature_18,til_feature_6,-0.13346774193548389,0.4741202014405085,0.9730076481738574,False
branch_feature_1,til_density_score,0.13588709677419356,0.46607058942998725,0.9730076481738574,False
statistical_feature_19,til_feature_7,-0.14435483870967744,0.43847195502399616,0.9730076481738574,False
curvature_feature_13,til_density_score,0.11895161290322583,0.5238987207747354,0.9730076481738574,False
angle_feature_6,til_density_score,-0.14233870967741935,0.44496104932632896,0.9730076481738574,False
branch_feature_10,til_density_score,-0.13830645161290325,0.45809344501627935,0.9730076481738574,False
angle_feature_19,til_feature_1,0.1278225806451613,0.4931804794340072,0.9730076481738574,False
angle_feature_19,til_feature_5,0.1338709677419355,0.47277359621523674,0.9730076481738574,False
curvature_feature_12,til_feature_12,0.13024193548387097,0.4849645356869804,0.9730076481738574,False
angle_feature_11,til_feature_5,-0.14395161290322583,0.43976563532528856,0.9730076481738574,False
angle_feature_18,til_density_score,-0.12096774193548387,0.5168366857852991,0.9730076481738574,False
statistical_feature_12,til_feature_5,-0.12620967741935485,0.4986967323955437,0.9730076481738574,False
curvature_feature_10,til_feature_12,0.14395161290322583,0.43976563532528856,0.9730076481738574,False
curvature_feature_11,til_feature_5,-0.11814516129032258,0.5267365934227508,0.9730076481738574,False
curvature_feature_13,til_feature_4,-0.1338709677419355,0.47277359621523674,0.9730076481738574,False
angle_feature_6,til_feature_6,-0.12943548387096776,0.4876953542337762,0.9730076481738574,False
angle_feature_7,til_feature_8,-0.1338709677419355,0.47277359621523674,0.9730076481738574,False
angle_feature_10,til_feature_11,-0.12096774193548387,0.5168366857852991,0.9730076481738574,False
statistical_feature_10,til_feature_8,0.11774193548387098,0.5281583118454554,0.9730076481738574,False
statistical_feature_10,til_density_score,0.1407258064516129,0.45018943773581577,0.9730076481738574,False
statistical_feature_11,til_feature_2,-0.11733870967741936,0.5295818795445784,0.9730076481738574,False
angle_feature_3,til_feature_8,-0.14274193548387099,0.4436590974387419,0.9730076481738574,False
branch_feature_14,til_feature_8,0.13790322580645165,0.459417907855204,0.9730076481738574,False
angle_feature_11,til_feature_1,-0.11814516129032258,0.5267365934227508,0.9730076481738574,False
curvature_feature_9,til_feature_2,-0.1407258064516129,0.45018943773581577,0.9730076481738574,False
curvature_feature_9,til_feature_1,-0.1431451612903226,0.4423592092878863,0.9730076481738574,False
statistical_feature_3,til_feature_2,0.13306451612903228,0.4754688003480889,0.9730076481738574,False
statistical_feature_2,til_feature_11,-0.12983870967741937,0.48632896336453246,0.9730076481738574,False
angle_feature_5,til_feature_6,0.11854838709677422,0.5253167283736072,0.9730076481738574,False
angle_feature_12,til_feature_10,-0.13024193548387097,0.4849645356869804,0.9730076481738574,False
statistical_feature_10,til_feature_2,-0.11774193548387098,0.5281583118454554,0.9730076481738574,False
statistical_feature_1,til_feature_9,-0.14153225806451614,0.44757113305322016,0.9730076481738574,False
statistical_feature_1,til_feature_5,0.12379032258064517,0.5070289666143404,0.9730076481738574,False
angle_feature_7,til_feature_11,0.12943548387096776,0.4876953542337762,0.9730076481738574,False
branch_feature_9,til_feature_1,0.13346774193548389,0.4741202014405085,0.9730076481738574,False
branch_feature_8,til_feature_12,-0.14516129032258066,0.43589082139544133,0.9730076481738574,False
branch_feature_8,til_feature_9,0.1431451612903226,0.4423592092878863,0.9730076481738574,False
branch_feature_8,til_feature_7,-0.11935483870967743,0.5224825746823831,0.9730076481738574,False
curvature_feature_14,til_density_score,-0.12620967741935485,0.4986967323955437,0.9730076481738574,False
branch_feature_15,til_feature_7,-0.1278225806451613,0.4931804794340072,0.9730076481738574,False
curvature_feature_6,til_feature_2,-0.11895161290322583,0.5238987207747354,0.9730076481738574,False
statistical_feature_12,til_feature_11,0.1217741935483871,0.5140250143294487,0.9730076481738574,False
curvature_feature_14,til_feature_8,0.1366935483870968,0.4634034557016268,0.9730076481738574,False
statistical_feature_14,til_density_score,0.12298387096774195,0.5098216867593602,0.9730076481738574,False
curvature_feature_6,til_feature_1,0.13870967741935486,0.4567710138270421,0.9730076481738574,False
angle_feature_17,til_feature_10,-0.12379032258064517,0.5070289666143404,0.9730076481738574,False
curvature_feature_6,til_feature_12,-0.11854838709677422,0.5253167283736072,0.9730076481738574,False
statistical_feature_9,til_feature_3,0.14516129032258066,0.43589082139544133,0.9730076481738574,False
angle_feature_9,til_feature_6,-0.14475806451612905,0.4371803494803197,0.9730076481738574,False
curvature_feature_17,til_feature_10,-0.13548387096774192,0.467407177447667,0.9730076481738574,False
angle_feature_7,til_feature_10,0.1350806451612903,0.4687457753418376,0.9730076481738574,False
curvature_feature_1,til_feature_2,-0.13548387096774192,0.467407177447667,0.9730076481738574,False
curvature_feature_1,til_feature_5,0.11693548387096775,0.5310072924025729,0.9730076481738574,False
curvature_feature_1,til_feature_7,-0.12298387096774195,0.5098216867593602,0.9730076481738574,False
curvature_feature_1,til_feature_10,0.1282258064516129,0.4918062709476104,0.9730076481738574,False
statistical_feature_5,til_feature_2,-0.11774193548387098,0.5281583118454554,0.9730076481738574,False
statistical_feature_17,til_feature_11,-0.14395161290322583,0.43976563532528856,0.9730076481738574,False
angle_feature_3,til_feature_7,-0.11693548387096775,0.5310072924025729,0.9730076481738574,False
statistical_feature_8,til_feature_2,0.1366935483870968,0.4634034557016268,0.9730076481738574,False
statistical_feature_7,til_feature_11,-0.1217741935483871,0.5140250143294487,0.9730076481738574,False
statistical_feature_7,til_feature_8,0.12258064516129034,0.5112209001524455,0.9730076481738574,False
branch_feature_3,til_density_score,-0.13588709677419356,0.46607058942998725,0.9730076481738574,False
branch_feature_3,til_feature_9,0.13629032258064516,0.4647360144635305,0.9730076481738574,False
branch_feature_3,til_feature_5,-0.13024193548387097,0.4849645356869804,0.9730076481738574,False
statistical_feature_8,til_feature_8,0.11975806451612905,0.5210682941323059,0.9730076481738574,False
branch_feature_5,til_feature_12,-0.13951612903225807,0.4541322584746682,0.9730076481738574,False
branch_feature_7,til_feature_10,-0.13306451612903228,0.4754688003480889,0.9730076481738574,False
statistical_feature_9,til_feature_6,0.14112903225806453,0.448879259209334,0.9730076481738574,False
curvature_feature_5,til_feature_4,0.12701612903225806,0.4959347293416866,0.9730076481738574,False
statistical_feature_6,til_feature_6,-0.14354838709677423,0.44106138766139225,0.9730076481738574,False
statistical_feature_6,til_feature_10,-0.13588709677419356,0.46607058942998725,0.9730076481738574,False
statistical_feature_6,til_density_score,-0.12338709677419356,0.5084243743035575,0.9730076481738574,False
curvature_feature_18,til_feature_12,0.11733870967741936,0.5295818795445784,0.9730076481738574,False
curvature_feature_18,til_feature_10,0.11935483870967743,0.5224825746823831,0.9730076481738574,False
branch_feature_5,til_feature_1,0.13145161290322582,0.4808830664255417,0.9730076481738574,False
curvature_feature_4,til_feature_2,0.12983870967741937,0.48632896336453246,0.9730076481738574,False
curvature_feature_5,til_feature_7,-0.13024193548387097,0.4849645356869804,0.9730076481738574,False
branch_feature_3,til_feature_1,0.12338709677419356,0.5084243743035575,0.9730076481738574,False
branch_feature_5,til_feature_4,-0.11774193548387098,0.5281583118454554,0.9730076481738574,False
angle_feature_8,til_feature_11,-0.12983870967741937,0.48632896336453246,0.9730076481738574,False
branch_feature_2,til_feature_2,-0.1431451612903226,0.4423592092878863,0.9730076481738574,False
branch_feature_2,til_feature_8,0.13306451612903228,0.4754688003480889,0.9730076481738574,False
branch_feature_4,til_feature_12,0.12459677419354842,0.5042438807488963,0.9730076481738574,False
branch_feature_4,til_feature_2,0.11814516129032258,0.5267365934227508,0.9730076481738574,False
curvature_feature_19,til_feature_8,0.13346774193548389,0.4741202014405085,0.9730076481738574,False
curvature_feature_20,til_feature_1,0.1342741935483871,0.47142898795379495,0.9730076481738574,False
curvature_feature_20,til_feature_3,-0.12379032258064517,0.5070289666143404,0.9730076481738574,False
curvature_feature_18,til_feature_1,-0.11814516129032258,0.5267365934227508,0.9730076481738574,False
statistical_feature_7,til_feature_6,-0.12500000000000003,0.5028542101272221,0.9730076481738574,False
statistical_feature_8,til_feature_7,-0.1350806451612903,0.4687457753418376,0.9730076481738574,False
statistical_feature_15,til_feature_1,0.14153225806451614,0.44757113305322016,0.9730076481738574,False
statistical_feature_19,til_feature_4,0.1217741935483871,0.5140250143294487,0.9730076481738574,False
statistical_feature_9,til_density_score,-0.11572580645161293,0.5352945604489174,0.9734468188125871,False
curvature_feature_17,til_feature_5,0.11572580645161293,0.5352945604489174,0.9734468188125871,False
angle_feature_1,til_feature_4,0.11612903225806454,0.5338636370231591,0.9734468188125871,False
statistical_feature_5,til_density_score,0.11572580645161293,0.5352945604489174,0.9734468188125871,False
curvature_feature_20,til_feature_11,-0.11532258064516131,0.5367273123599439,0.9742107065854075,False
statistical_feature_13,til_feature_9,-0.11370967741935485,0.5424765201717012,0.975443761505003,False
curvature_feature_18,til_feature_7,0.11411290322580646,0.5410364967125914,0.975443761505003,False
statistical_feature_9,til_feature_4,-0.11411290322580646,0.5410364967125914,0.975443761505003,False
angle_feature_2,til_feature_4,0.11411290322580646,0.5410364967125914,0.975443761505003,False
angle_feature_5,til_feature_8,-0.11370967741935485,0.5424765201717012,0.975443761505003,False
branch_feature_13,til_feature_2,-0.11169354838709677,0.5497036585887941,0.9756732833254981,False
angle_feature_18,til_feature_8,-0.11209677419354838,0.5482546425888183,0.9756732833254981,False
angle_feature_17,til_feature_3,-0.11169354838709677,0.5497036585887941,0.9756732833254981,False
statistical_feature_13,til_feature_2,0.11250000000000002,0.5468074163772176,0.9756732833254981,False
curvature_feature_13,til_feature_6,0.11290322580645162,0.5453619843338897,0.9756732833254981,False
curvature_feature_12,til_feature_8,-0.11290322580645162,0.5453619843338897,0.9756732833254981,False
curvature_feature_12,til_feature_3,-0.11169354838709677,0.5497036585887941,0.9756732833254981,False
curvature_feature_19,til_feature_3,-0.054032258064516135,0.7728209093457339,0.9760694976457278,False
angle_feature_15,til_feature_5,-0.07056451612903226,0.7060160474637789,0.9760694976457278,False
angle_feature_15,til_feature_3,-0.04516129032258065,0.8093712112440687,0.9760694976457278,False
statistical_feature_16,til_feature_7,0.1092741935483871,0.5584350923614545,0.9760694976457278,False
branch_feature_1,til_feature_12,0.057661290322580654,0.7580002892581764,0.9760694976457278,False
statistical_feature_19,til_feature_5,0.07701612903225806,0.6804869573574757,0.9760694976457278,False
statistical_feature_15,til_feature_9,0.08911290322580646,0.6335610242106571,0.9760694976457278,False
statistical_feature_17,til_density_score,-0.049193548387096775,0.7927036191007251,0.9760694976457278,False
statistical_feature_18,til_feature_1,-0.06895161290322582,0.7124488925248611,0.9760694976457278,False
branch_feature_2,til_feature_9,-0.04637096774193549,0.8043619731869771,0.9760694976457278,False
curvature_feature_20,til_feature_9,-0.08185483870967743,0.6615633818161167,0.9760694976457278,False
curvature_feature_20,til_density_score,0.056854838709677426,0.761286690944497,0.9760694976457278,False
branch_feature_1,til_feature_4,-0.08064516129032259,0.6662756688558149,0.9760694976457278,False
branch_feature_1,til_feature_7,-0.10322580645161292,0.5805384684951491,0.9760694976457278,False
branch_feature_5,til_feature_5,0.07620967741935485,0.6836598807274448,0.9760694976457278,False
statistical_feature_16,til_feature_4,-0.048387096774193554,0.7960302182567857,0.9760694976457278,False
branch_feature_3,til_feature_4,-0.08225806451612905,0.6599954264836789,0.9760694976457278,False
angle_feature_8,til_feature_12,0.09838709677419355,0.5984954304286771,0.9760694976457278,False
statistical_feature_19,til_feature_2,0.05241935483870968,0.7794334705896993,0.9760694976457278,False
angle_feature_3,til_feature_3,-0.06653225806451614,0.7221344800657483,0.9760694976457278,False
angle_feature_13,til_density_score,-0.09274193548387098,0.6197410829999634,0.9760694976457278,False
angle_feature_3,til_density_score,0.08306451612903226,0.6568637608973711,0.9760694976457278,False
angle_feature_2,til_feature_5,0.06693548387096775,0.7205172359200274,0.9760694976457278,False
angle_feature_4,til_feature_4,0.0931451612903226,0.6182132468532753,0.9760694976457278,False
statistical_feature_19,til_feature_11,-0.07500000000000001,0.6884291889171923,0.9760694976457278,False
angle_feature_4,til_feature_7,-0.08790322580645162,0.6381950172756905,0.9760694976457278,False
angle_feature_3,til_feature_5,-0.08870967741935484,0.6351041874688885,0.9760694976457278,False
angle_feature_3,til_feature_6,-0.054838709677419356,0.7695204467568884,0.9760694976457278,False
statistical_feature_17,til_feature_9,0.09717741935483871,0.6030216655993794,0.9760694976457278,False
angle_feature_1,til_feature_12,-0.08064516129032259,0.6662756688558149,0.9760694976457278,False
angle_feature_2,til_feature_10,-0.04959677419354839,0.7910416548415071,0.9760694976457278,False
angle_feature_1,til_feature_9,0.08427419354838711,0.6521769610520185,0.9760694976457278,False
branch_feature_5,til_density_score,0.07137096774193549,0.7028070387195458,0.9760694976457278,False
branch_feature_6,til_feature_3,-0.053225806451612914,0.7761252686216561,0.9760694976457278,False
angle_feature_9,til_feature_4,-0.06370967741935485,0.7334877907712755,0.9760694976457278,False
curvature_feature_17,til_feature_3,-0.1092741935483871,0.5584350923614545,0.9760694976457278,False
curvature_feature_17,til_feature_6,0.07217741935483872,0.6996030385342898,0.9760694976457278,False
curvature_feature_17,til_feature_9,0.054838709677419356,0.7695204467568884,0.9760694976457278,False
curvature_feature_17,til_feature_12,-0.08508064516129032,0.6490596265532764,0.9760694976457278,False
angle_feature_7,til_density_score,0.0963709677419355,0.6060472343290946,0.9760694976457278,False
angle_feature_8,til_feature_1,0.05927419354838711,0.7514399507942782,0.9760694976457278,False
curvature_feature_20,til_feature_6,-0.04556451612903226,0.8077006326714743,0.9760694976457278,False
branch_feature_6,til_feature_5,-0.08064516129032259,0.6662756688558149,0.9760694976457278,False
branch_feature_6,til_feature_7,0.04798387096774194,0.7976948393884296,0.9760694976457278,False
statistical_feature_18,til_feature_4,0.07580645161290324,0.6852483330342398,0.9760694976457278,False
statistical_feature_18,til_feature_7,-0.06250000000000001,0.7383706087773572,0.9760694976457278,False
statistical_feature_18,til_feature_8,-0.06411290322580646,0.7318624408796814,0.9760694976457278,False
statistical_feature_18,til_feature_9,-0.06895161290322582,0.7124488925248611,0.9760694976457278,False
angle_feature_16,til_feature_5,0.1,0.5924832830158485,0.9760694976457278,False
angle_feature_16,til_feature_6,-0.06008064516129033,0.7481661196966578,0.9760694976457278,False
angle_feature_16,til_feature_7,-0.05241935483870968,0.7794334705896993,0.9760694976457278,False
angle_feature_16,til_feature_9,-0.1,0.5924832830158485,0.9760694976457278,False
angle_feature_16,til_feature_11,-0.054032258064516135,0.7728209093457339,0.9760694976457278,False
angle_feature_14,til_feature_10,-0.06491935483870968,0.7286151638613649,0.9760694976457278,False
angle_feature_14,til_feature_12,0.049193548387096775,0.7927036191007251,0.9760694976457278,False
angle_feature_15,til_feature_1,-0.07903225806451614,0.6725781507948223,0.9760694976457278,False
statistical_feature_16,til_feature_10,0.06209677419354839,0.7400004493677075,0.9760694976457278,False
angle_feature_8,til_feature_5,0.06048387096774194,0.7465308117000464,0.9760694976457278,False
angle_feature_9,til_feature_2,0.05645161290322581,0.762931426686061,0.9760694976457278,False
branch_feature_7,til_feature_4,0.05201612903225807,0.7810889956594971,0.9760694976457278,False
branch_feature_7,til_feature_5,-0.10241935483870969,0.5835146386097445,0.9760694976457278,False
branch_feature_7,til_feature_8,0.08225806451612905,0.6599954264836789,0.9760694976457278,False
branch_feature_5,til_feature_6,0.10725806451612906,0.5657596880755809,0.9760694976457278,False
branch_feature_5,til_feature_10,-0.05362903225806453,0.7744726052681566,0.9760694976457278,False
curvature_feature_15,til_feature_11,-0.08830645161290324,0.6366488536523971,0.9760694976457278,False
curvature_feature_16,til_feature_1,0.09274193548387098,0.6197410829999634,0.9760694976457278,False
curvature_feature_16,til_feature_2,-0.06895161290322582,0.7124488925248611,0.9760694976457278,False
curvature_feature_16,til_feature_7,-0.06491935483870968,0.7286151638613649,0.9760694976457278,False
curvature_feature_14,til_feature_10,-0.05927419354838711,0.7514399507942782,0.9760694976457278,False
curvature_feature_15,til_feature_1,-0.044758064516129036,0.8110426130801657,0.9760694976457278,False
curvature_feature_15,til_feature_2,0.10120967741935485,0.5879914723576509,0.9760694976457278,False
curvature_feature_15,til_feature_7,0.07096774193548387,0.7044109201080131,0.9760694976457278,False
angle_feature_10,til_feature_1,-0.07620967741935485,0.6836598807274448,0.9760694976457278,False
angle_feature_10,til_feature_2,-0.06935483870967743,0.7108388433537766,0.9760694976457278,False
branch_feature_8,til_feature_6,0.0814516129032258,0.6631327445062498,0.9760694976457278,False
angle_feature_7,til_feature_6,-0.05806451612903227,0.7563586365977392,0.9760694976457278,False
angle_feature_8,til_feature_3,-0.04435483870967742,0.8127148311998212,0.9760694976457278,False
statistical_feature_14,til_feature_1,-0.05362903225806453,0.7744726052681566,0.9760694976457278,False
statistical_feature_14,til_feature_4,-0.0866935483870968,0.6428424376702615,0.9760694976457278,False
angle_feature_16,til_feature_4,-0.09112903225806453,0.6258679425734357,0.9760694976457278,False
curvature_feature_2,til_feature_6,0.07419354838709677,0.6916152730135307,0.9760694976457278,False
curvature_feature_2,til_feature_12,-0.05524193548387097,0.7678716935426563,0.9760694976457278,False
statistical_feature_8,til_feature_11,-0.04596774193548387,0.8060308843324242,0.9760694976457278,False
angle_feature_4,til_feature_10,0.05725806451612903,0.7596429762524395,0.9760694976457278,False
statistical_feature_8,til_feature_12,-0.07379032258064516,0.6932102605295571,0.9760694976457278,False
branch_feature_9,til_feature_8,0.07137096774193549,0.7028070387195458,0.9760694976457278,False
branch_feature_10,til_feature_1,0.06814516129032258,0.715672629207279,0.9760694976457278,False
angle_feature_10,til_feature_9,0.10967741935483871,0.5569754307236023,0.9760694976457278,False
curvature_feature_13,til_feature_5,0.09153225806451613,0.6243339110868911,0.9760694976457278,False
angle_feature_7,til_feature_1,-0.07943548387096776,0.6710004657369519,0.9760694976457278,False
angle_feature_7,til_feature_2,0.0903225806451613,0.6289406065819896,0.9760694976457278,False
angle_feature_7,til_feature_3,-0.08870967741935484,0.6351041874688885,0.9760694976457278,False
statistical_feature_13,til_feature_6,-0.09879032258064516,0.5969899371299435,0.9760694976457278,False
branch_feature_6,til_density_score,0.05645161290322581,0.762931426686061,0.9760694976457278,False
curvature_feature_15,til_feature_8,0.07580645161290324,0.6852483330342398,0.9760694976457278,False
curvature_feature_15,til_feature_9,-0.07701612903225806,0.6804869573574757,0.9760694976457278,False
branch_feature_11,til_feature_2,-0.05645161290322581,0.762931426686061,0.9760694976457278,False
curvature_feature_14,til_feature_2,0.10403225806451614,0.577569052159681,0.9760694976457278,False
curvature_feature_12,til_feature_1,0.06008064516129033,0.7481661196966578,0.9760694976457278,False
curvature_feature_12,til_feature_10,-0.10241935483870969,0.5835146386097445,0.9760694976457278,False
curvature_feature_12,til_density_score,-0.08548387096774195,0.6475031358911192,0.9760694976457278,False
branch_feature_11,til_feature_5,-0.06491935483870968,0.7286151638613649,0.9760694976457278,False
branch_feature_9,til_feature_2,-0.09798387096774194,0.6000025529794724,0.9760694976457278,False
branch_feature_9,til_feature_4,-0.05,0.7893805899538378,0.9760694976457278,False
branch_feature_9,til_feature_6,-0.047580645161290326,0.7993603323613843,0.9760694976457278,False
statistical_feature_7,til_feature_1,-0.07459677419354839,0.6900215804573002,0.9760694976457278,False
statistical_feature_7,til_feature_2,-0.08830645161290324,0.6366488536523971,0.9760694976457278,False
statistical_feature_7,til_feature_4,0.1092741935483871,0.5584350923614545,0.9760694976457278,False
statistical_feature_9,til_feature_11,0.05604838709677419,0.7645771768166629,0.9760694976457278,False
statistical_feature_7,til_feature_9,-0.08588709677419355,0.6459481037891261,0.9760694976457278,False
statistical_feature_8,til_feature_4,-0.10645161290322583,0.5687017083310182,0.9760694976457278,False
statistical_feature_8,til_feature_9,0.09758064516129034,0.60151129972749,0.9760694976457278,False
angle_feature_6,til_feature_7,-0.09919354838709678,0.5954860781195518,0.9760694976457278,False
branch_feature_12,til_density_score,-0.08306451612903226,0.6568637608973711,0.9760694976457278,False
branch_feature_13,til_feature_1,-0.05806451612903227,0.7563586365977392,0.9760694976457278,False
branch_feature_13,til_feature_3,-0.06411290322580646,0.7318624408796814,0.9760694976457278,False
branch_feature_13,til_feature_7,0.07419354838709677,0.6916152730135307,0.9760694976457278,False
branch_feature_13,til_feature_9,-0.08870967741935484,0.6351041874688885,0.9760694976457278,False
angle_feature_17,til_feature_2,0.04435483870967742,0.8127148311998212,0.9760694976457278,False
angle_feature_17,til_feature_12,-0.05201612903225807,0.7810889956594971,0.9760694976457278,False
angle_feature_18,til_feature_3,-0.06612903225806453,0.7237529012874481,0.9760694976457278,False
angle_feature_18,til_feature_4,-0.06129032258064517,0.7432634435518759,0.9760694976457278,False
angle_feature_15,til_feature_12,-0.0931451612903226,0.6182132468532753,0.9760694976457278,False
angle_feature_16,til_feature_2,-0.0963709677419355,0.6060472343290946,0.9760694976457278,False
statistical_feature_16,til_feature_1,-0.09758064516129034,0.60151129972749,0.9760694976457278,False
statistical_feature_16,til_feature_3,-0.06048387096774194,0.7465308117000464,0.9760694976457278,False
statistical_feature_13,til_feature_12,-0.09596774193548388,0.607562426948085,0.9760694976457278,False
branch_feature_11,til_feature_1,-0.04798387096774194,0.7976948393884296,0.9760694976457278,False
angle_feature_20,til_feature_9,-0.07862903225806453,0.6741572024666171,0.9760694976457278,False
angle_feature_18,til_feature_11,-0.09556451612903226,0.6090792182133721,0.9760694976457278,False
angle_feature_19,til_feature_2,-0.10241935483870969,0.5835146386097445,0.9760694976457278,False
angle_feature_19,til_feature_3,-0.048387096774193554,0.7960302182567857,0.9760694976457278,False
statistical_feature_14,til_feature_10,0.0778225806451613,0.6773193820965928,0.9760694976457278,False
statistical_feature_14,til_feature_11,-0.10967741935483871,0.5569754307236023,0.9760694976457278,False
statistical_feature_12,til_feature_10,0.10241935483870969,0.5835146386097445,0.9760694976457278,False
curvature_feature_13,til_feature_1,0.07983870967741936,0.6694241531619162,0.9760694976457278,False
branch_feature_11,til_density_score,-0.0774193548387097,0.6789024982373919,0.9760694976457278,False
branch_feature_12,til_feature_1,-0.09798387096774194,0.6000025529794724,0.9760694976457278,False
branch_feature_12,til_feature_4,-0.04435483870967742,0.8127148311998212,0.9760694976457278,False
branch_feature_12,til_feature_7,-0.06491935483870968,0.7286151638613649,0.9760694976457278,False
angle_feature_6,til_feature_1,-0.06411290322580646,0.7318624408796814,0.9760694976457278,False
angle_feature_6,til_feature_2,-0.09516129032258065,0.6105976029597585,0.9760694976457278,False
angle_feature_6,til_feature_4,0.05524193548387097,0.7678716935426563,0.9760694976457278,False
angle_feature_6,til_feature_5,-0.10483870967741936,0.5746064280071872,0.9760694976457278,False
branch_feature_11,til_feature_9,-0.11129032258064517,0.5511544599773006,0.9760694976457278,False
curvature_feature_10,til_feature_10,0.04435483870967742,0.8127148311998212,0.9760694976457278,False
curvature_feature_11,til_feature_2,0.10483870967741936,0.5746064280071872,0.9760694976457278,False
curvature_feature_11,til_feature_4,-0.06491935483870968,0.7286151638613649,0.9760694976457278,False
curvature_feature_11,til_feature_6,0.04435483870967742,0.8127148311998212,0.9760694976457278,False
curvature_feature_11,til_feature_8,0.04959677419354839,0.7910416548415071,0.9760694976457278,False
curvature_feature_11,til_feature_10,-0.04516129032258065,0.8093712112440687,0.9760694976457278,False
curvature_feature_9,til_feature_6,0.08387096774193549,0.6537377935935056,0.9760694976457278,False
branch_feature_14,til_feature_3,0.10766129032258066,0.564291279155818,0.9760694976457278,False
branch_feature_14,til_feature_12,-0.11088709677419356,0.5526070423345821,0.9760694976457278,False
statistical_feature_11,til_feature_11,0.06008064516129033,0.7481661196966578,0.9760694976457278,False
statistical_feature_11,til_feature_12,0.05,0.7893805899538378,0.9760694976457278,False
statistical_feature_12,til_feature_2,-0.054838709677419356,0.7695204467568884,0.9760694976457278,False
statistical_feature_12,til_feature_7,0.058467741935483875,0.754718024894828,0.9760694976457278,False
angle_feature_20,til_feature_7,0.053225806451612914,0.7761252686216561,0.9760694976457278,False
branch_feature_15,til_feature_1,-0.05080645161290323,0.7860611857054489,0.9760694976457278,False
branch_feature_15,til_feature_2,0.07580645161290324,0.6852483330342398,0.9760694976457278,False
curvature_feature_9,til_feature_10,0.08750000000000001,0.6397426728359816,0.9760694976457278,False
curvature_feature_9,til_density_score,0.1,0.5924832830158485,0.9760694976457278,False
curvature_feature_10,til_feature_5,0.050403225806451624,0.7877204312935094,0.9760694976457278,False
angle_feature_10,til_density_score,-0.10685483870967745,0.5672298326794336,0.9760694976457278,False
statistical_feature_2,til_feature_5,-0.0774193548387097,0.6789024982373919,0.9760694976457278,False
statistical_feature_2,til_feature_6,0.06612903225806453,0.7237529012874481,0.9760694976457278,False
statistical_feature_2,til_feature_9,-0.059677419354838716,0.7498025015817095,0.9760694976457278,False
branch_feature_15,til_feature_5,0.07419354838709677,0.6916152730135307,0.9760694976457278,False
branch_feature_15,til_feature_8,-0.046774193548387105,0.8026939061851267,0.9760694976457278,False
branch_feature_15,til_feature_9,0.06330645161290323,0.7351142730158426,0.9760694976457278,False
branch_feature_15,til_density_score,-0.0653225806451613,0.7269932495537902,0.9760694976457278,False
statistical_feature_3,til_feature_8,-0.07903225806451614,0.6725781507948223,0.9760694976457278,False
statistical_feature_13,til_feature_1,0.048387096774193554,0.7960302182567857,0.9760694976457278,False
branch_feature_11,til_feature_8,-0.10080645161290325,0.5894870850348914,0.9760694976457278,False
curvature_feature_1,til_feature_12,-0.05443548387096775,0.7711701875979922,0.9760694976457278,False
curvature_feature_1,til_density_score,0.0653225806451613,0.7269932495537902,0.9760694976457278,False
angle_feature_19,til_feature_10,-0.05806451612903227,0.7563586365977392,0.9760694976457278,False
angle_feature_19,til_feature_11,0.08467741935483872,0.6506175701532938,0.9760694976457278,False
angle_feature_13,til_feature_2,0.1,0.5924832830158485,0.9760694976457278,False
curvature_feature_4,til_feature_11,-0.04637096774193549,0.8043619731869771,0.9760694976457278,False
curvature_feature_4,til_density_score,-0.04596774193548387,0.8060308843324242,0.9760694976457278,False
angle_feature_11,til_feature_7,0.06129032258064517,0.7432634435518759,0.9760694976457278,False
angle_feature_11,til_feature_8,0.09354838709677421,0.6166869728155049,0.9760694976457278,False
angle_feature_11,til_feature_10,0.06411290322580646,0.7318624408796814,0.9760694976457278,False
angle_feature_11,til_density_score,-0.07903225806451614,0.6725781507948223,0.9760694976457278,False
curvature_feature_8,til_feature_4,0.07419354838709677,0.6916152730135307,0.9760694976457278,False
curvature_feature_8,til_feature_6,0.06854838709677422,0.7140601565637583,0.9760694976457278,False
angle_feature_5,til_feature_9,-0.08306451612903226,0.6568637608973711,0.9760694976457278,False
angle_feature_5,til_density_score,0.050403225806451624,0.7877204312935094,0.9760694976457278,False
statistical_feature_2,til_feature_12,-0.08266129032258066,0.6584288842644177,0.9760694976457278,False
statistical_feature_11,til_feature_6,0.09677419354838711,0.6045336455033253,0.9760694976457278,False
statistical_feature_11,til_feature_7,0.04637096774193549,0.8043619731869771,0.9760694976457278,False
statistical_feature_11,til_feature_8,0.07983870967741936,0.6694241531619162,0.9760694976457278,False
statistical_feature_3,til_feature_4,-0.05645161290322581,0.762931426686061,0.9760694976457278,False
curvature_feature_9,til_feature_5,0.06693548387096775,0.7205172359200274,0.9760694976457278,False
curvature_feature_7,til_feature_2,-0.06693548387096775,0.7205172359200274,0.9760694976457278,False
statistical_feature_3,til_feature_12,0.0814516129032258,0.6631327445062498,0.9760694976457278,False
statistical_feature_1,til_feature_10,-0.06814516129032258,0.715672629207279,0.9760694976457278,False
statistical_feature_1,til_feature_12,-0.09072580645161292,0.6274035095319996,0.9760694976457278,False
statistical_feature_2,til_feature_1,-0.09193548387096774,0.6228014204352905,0.9760694976457278,False
angle_feature_14,til_feature_4,0.05927419354838711,0.7514399507942782,0.9760694976457278,False
angle_feature_14,til_feature_8,-0.08266129032258066,0.6584288842644177,0.9760694976457278,False
curvature_feature_1,til_feature_1,-0.07137096774193549,0.7028070387195458,0.9760694976457278,False
curvature_feature_1,til_feature_6,0.1,0.5924832830158485,0.9760694976457278,False
curvature_feature_1,til_feature_9,0.06975806451612904,0.7092300152993535,0.9760694976457278,False
curvature_feature_1,til_feature_11,-0.06612903225806453,0.7237529012874481,0.9760694976457278,False
statistical_feature_4,til_feature_2,-0.0814516129032258,0.6631327445062498,0.9760694976457278,False
angle_feature_4,til_feature_12,-0.050403225806451624,0.7877204312935094,0.9760694976457278,False
angle_feature_5,til_feature_1,0.08629032258064517,0.644394535852695,0.9760694976457278,False
angle_feature_5,til_feature_4,0.10241935483870969,0.5835146386097445,0.9760694976457278,False
curvature_feature_5,til_density_score,0.04556451612903226,0.8077006326714743,0.9760694976457278,False
curvature_feature_6,til_feature_11,-0.08911290322580646,0.6335610242106571,0.9760694976457278,False
angle_feature_19,til_density_score,0.09677419354838711,0.6045336455033253,0.9760694976457278,False
angle_feature_20,til_feature_2,0.05,0.7893805899538378,0.9760694976457278,False
angle_feature_20,til_feature_3,-0.05,0.7893805899538378,0.9760694976457278,False
angle_feature_20,til_feature_6,-0.08266129032258066,0.6584288842644177,0.9760694976457278,False
statistical_feature_10,til_feature_7,-0.0810483870967742,0.6647035087822124,0.9760694976457278,False
statistical_feature_10,til_feature_10,-0.044758064516129036,0.8110426130801657,0.9760694976457278,False
statistical_feature_11,til_feature_1,-0.0866935483870968,0.6428424376702615,0.9760694976457278,False
angle_feature_3,til_feature_11,0.10241935483870969,0.5835146386097445,0.9760694976457278,False
statistical_feature_13,til_feature_7,-0.05806451612903227,0.7563586365977392,0.9760694976457278,False
branch_feature_3,til_feature_12,-0.10483870967741936,0.5746064280071872,0.9760694976457278,False
statistical_feature_17,til_feature_1,-0.10161290322580646,0.5864975237941381,0.9760694976457278,False
statistical_feature_17,til_feature_5,-0.10806451612903227,0.5628246105370012,0.9760694976457278,False
curvature_feature_2,til_density_score,0.04798387096774194,0.7976948393884296,0.9760694976457278,False
angle_feature_13,til_feature_12,0.04516129032258065,0.8093712112440687,0.9760694976457278,False
curvature_feature_5,til_feature_5,0.06129032258064517,0.7432634435518759,0.9760694976457278,False
statistical_feature_5,til_feature_3,-0.07096774193548387,0.7044109201080131,0.9760694976457278,False
statistical_feature_5,til_feature_10,0.05201612903225807,0.7810889956594971,0.9760694976457278,False
statistical_feature_6,til_feature_2,0.07500000000000001,0.6884291889171923,0.9760694976457278,False
curvature_feature_3,til_feature_4,0.07701612903225806,0.6804869573574757,0.9760694976457278,False
curvature_feature_4,til_feature_3,-0.05645161290322581,0.762931426686061,0.9760694976457278,False
curvature_feature_4,til_feature_5,-0.10564516129032257,0.5716506341346818,0.9760694976457278,False
curvature_feature_2,til_feature_1,0.05524193548387097,0.7678716935426563,0.9760694976457278,False
curvature_feature_7,til_feature_3,-0.0814516129032258,0.6631327445062498,0.9760694976457278,False
curvature_feature_7,til_feature_10,-0.10161290322580646,0.5864975237941381,0.9760694976457278,False
curvature_feature_8,til_feature_1,-0.07862903225806453,0.6741572024666171,0.9760694976457278,False
angle_feature_15,til_feature_10,0.054032258064516135,0.7728209093457339,0.9760694976457278,False
statistical_feature_16,til_feature_6,0.08951612903225807,0.6320193693458465,0.9760694976457278,False
curvature_feature_19,til_feature_10,-0.07056451612903226,0.7060160474637789,0.9760694976457278,False
curvature_feature_19,til_feature_11,-0.05645161290322581,0.762931426686061,0.9760694976457278,False
curvature_feature_19,til_density_score,-0.08185483870967743,0.6615633818161167,0.9760694976457278,False
curvature_feature_20,til_feature_2,-0.09475806451612903,0.6121175760038214,0.9760694976457278,False
curvature_feature_20,til_feature_5,-0.08024193548387097,0.6678492189226026,0.9760694976457278,False
statistical_feature_6,til_feature_8,-0.06330645161290323,0.7351142730158426,0.9760694976457278,False
statistical_feature_6,til_feature_11,-0.059677419354838716,0.7498025015817095,0.9760694976457278,False
branch_feature_4,til_feature_3,0.07338709677419356,0.6948065369338483,0.9760694976457278,False
branch_feature_4,til_feature_4,-0.1060483870967742,0.5701753103745149,0.9760694976457278,False
branch_feature_4,til_feature_9,0.07701612903225806,0.6804869573574757,0.9760694976457278,False
branch_feature_4,til_feature_11,-0.08467741935483872,0.6506175701532938,0.9760694976457278,False
curvature_feature_18,til_feature_6,-0.0774193548387097,0.6789024982373919,0.9760694976457278,False
curvature_feature_19,til_feature_1,-0.06491935483870968,0.7286151638613649,0.9760694976457278,False
angle_feature_8,til_feature_7,-0.06935483870967743,0.7108388433537766,0.9760694976457278,False
angle_feature_1,til_feature_10,0.05524193548387097,0.7678716935426563,0.9760694976457278,False
angle_feature_2,til_feature_8,0.08387096774193549,0.6537377935935056,0.9760694976457278,False
angle_feature_2,til_feature_7,-0.05,0.7893805899538378,0.9760694976457278,False
angle_feature_2,til_feature_3,-0.07137096774193549,0.7028070387195458,0.9760694976457278,False
angle_feature_15,til_feature_8,-0.07540322580645163,0.6868381044342642,0.9760694976457278,False
curvature_feature_6,til_feature_4,0.04314516129032259,0.8177363133138841,0.9796542134594727,False
statistical_feature_1,til_feature_6,-0.04314516129032259,0.8177363133138841,0.9796542134594727,False
branch_feature_3,til_feature_10,-0.040322580645161296,0.8294803654882583,0.9798194541054027,False
angle_feature_13,til_feature_6,-0.03870967741935485,0.8362076630151098,0.9798194541054027,False
curvature_feature_3,til_feature_7,-0.039112903225806454,0.8345247551697359,0.9798194541054027,False
angle_feature_12,til_feature_6,-0.03991935483870968,0.831161099300751,0.9798194541054027,False
statistical_feature_4,til_feature_11,-0.039112903225806454,0.8345247551697359,0.9798194541054027,False
angle_feature_5,til_feature_5,0.041935483870967745,0.8227648897685568,0.9798194541054027,False
curvature_feature_8,til_feature_2,0.03991935483870968,0.831161099300751,0.9798194541054027,False
statistical_feature_4,til_feature_8,-0.04233870967741936,0.821087921070589,0.9798194541054027,False
angle_feature_12,til_feature_11,0.041935483870967745,0.8227648897685568,0.9798194541054027,False
statistical_feature_13,til_feature_8,0.040322580645161296,0.8294803654882583,0.9798194541054027,False
angle_feature_11,til_feature_6,-0.03951612903225807,0.8328425648949725,0.9798194541054027,False
statistical_feature_6,til_feature_9,-0.03870967741935485,0.8362076630151098,0.9798194541054027,False
angle_feature_8,til_feature_2,0.03951612903225807,0.8328425648949725,0.9798194541054027,False
statistical_feature_14,til_feature_5,0.03991935483870968,0.831161099300751,0.9798194541054027,False
curvature_feature_2,til_feature_11,0.03951612903225807,0.8328425648949725,0.9798194541054027,False
statistical_feature_16,til_feature_2,0.03991935483870968,0.831161099300751,0.9798194541054027,False
branch_feature_4,til_feature_5,-0.040322580645161296,0.8294803654882583,0.9798194541054027,False
statistical_feature_6,til_feature_7,-0.041129032258064524,0.8261211215689793,0.9798194541054027,False
statistical_feature_8,til_feature_3,0.03790322580645162,0.8395756029347446,0.9809608692822072,False
curvature_feature_3,til_feature_12,0.03790322580645162,0.8395756029347446,0.9809608692822072,False
branch_feature_14,til_density_score,0.037500000000000006,0.8412606207461756,0.9809608692822072,False
statistical_feature_18,til_feature_5,-0.037500000000000006,0.8412606207461756,0.9809608692822072,False
statistical_feature_1,til_feature_1,0.030645161290322586,0.870005486611063,0.9811785206563219,False
curvature_feature_8,til_feature_9,0.03588709677419356,0.8480075108780614,0.9811785206563219,False
branch_feature_13,til_feature_10,0.03588709677419356,0.8480075108780614,0.9811785206563219,False
branch_feature_13,til_feature_11,0.03145161290322581,0.8666145533696823,0.9811785206563219,False
angle_feature_13,til_feature_10,0.030645161290322586,0.870005486611063,0.9811785206563219,False
curvature_feature_4,til_feature_10,-0.03588709677419356,0.8480075108780614,0.9811785206563219,False
statistical_feature_2,til_feature_10,0.03145161290322581,0.8666145533696823,0.9811785206563219,False
statistical_feature_15,til_feature_4,-0.03266129032258065,0.8615325286372387,0.9811785206563219,False
statistical_feature_16,til_feature_9,-0.03145161290322581,0.8666145533696823,0.9811785206563219,False
branch_feature_1,til_feature_1,-0.035483870967741936,0.8496959023092027,0.9811785206563219,False
angle_feature_3,til_feature_1,0.031854838709677424,0.8649199545149776,0.9811785206563219,False
angle_feature_3,til_feature_4,0.03225806451612904,0.8632259438532187,0.9811785206563219,False
statistical_feature_13,til_feature_4,0.03508064516129032,0.8513849469419635,0.9811785206563219,False
curvature_feature_18,til_feature_11,0.03225806451612904,0.8632259438532187,0.9811785206563219,False
branch_feature_14,til_feature_5,0.03145161290322581,0.8666145533696823,0.9811785206563219,False
branch_feature_13,til_density_score,0.03588709677419356,0.8480075108780614,0.9811785206563219,False
angle_feature_18,til_feature_10,0.031048387096774197,0.8683097331573756,0.9811785206563219,False
branch_feature_13,til_feature_12,-0.033064516129032266,0.8598397161126603,0.9811785206563219,False
statistical_feature_9,til_feature_5,0.03145161290322581,0.8666145533696823,0.9811785206563219,False
branch_feature_6,til_feature_11,-0.03346774193548387,0.8581475135178092,0.9811785206563219,False
angle_feature_4,til_feature_9,-0.03145161290322581,0.8666145533696823,0.9811785206563219,False
angle_feature_6,til_feature_11,-0.03346774193548387,0.8581475135178092,0.9811785206563219,False
curvature_feature_18,til_feature_3,-0.03427419354838711,0.8547649670335881,0.9811785206563219,False
angle_feature_10,til_feature_4,0.03346774193548387,0.8581475135178092,0.9811785206563219,False
statistical_feature_9,til_feature_8,-0.03346774193548387,0.8581475135178092,0.9811785206563219,False
branch_feature_13,til_feature_6,-0.031048387096774197,0.8683097331573756,0.9811785206563219,False
angle_feature_4,til_feature_1,0.036290322580645164,0.8463197798333773,0.9811785206563219,False
angle_feature_4,til_feature_6,-0.03669354838709678,0.8446327163520038,0.9811785206563219,False
angle_feature_2,til_feature_2,0.029838709677419358,0.8733986854137776,0.9834608221717571,False
curvature_feature_8,til_feature_3,0.029435483870967744,0.8750961161944117,0.9834608221717571,False
branch_feature_7,til_feature_7,0.029435483870967744,0.8750961161944117,0.9834608221717571,False
curvature_feature_13,til_feature_3,-0.028629032258064516,0.8784926040429533,0.9838299011517125,False
curvature_feature_5,til_feature_6,0.029032258064516134,0.8767940915044288,0.9838299011517125,False
angle_feature_14,til_feature_6,-0.028629032258064516,0.8784926040429533,0.9838299011517125,False
curvature_feature_19,til_feature_2,0.028225806451612906,0.8801916465025955,0.9845864696924382,False
curvature_feature_3,til_feature_9,-0.027822580645161292,0.8818912115695392,0.9853418647269415,False
angle_feature_2,til_feature_6,0.027419354838709678,0.8835912919236291,0.9856709964999336,False
curvature_feature_6,til_feature_7,0.027016129032258068,0.8852918802384591,0.9856709964999336,False
curvature_feature_5,til_feature_12,0.025403225806451615,0.8920991663631924,0.9856709964999336,False
statistical_feature_2,til_density_score,-0.02580645161290323,0.8903966195914068,0.9856709964999336,False
statistical_feature_13,til_feature_3,-0.02620967741935484,0.8886945514139857,0.9856709964999336,False
branch_feature_12,til_feature_11,0.025,0.8938021843730026,0.9856709964999336,False
curvature_feature_8,til_feature_10,-0.02620967741935484,0.8886945514139857,0.9856709964999336,False
branch_feature_9,til_feature_12,-0.02580645161290323,0.8903966195914068,0.9856709964999336,False
statistical_feature_15,til_feature_6,-0.02620967741935484,0.8886945514139857,0.9856709964999336,False
branch_feature_8,til_feature_4,-0.025,0.8938021843730026,0.9856709964999336,False
curvature_feature_20,til_feature_10,-0.024596774193548387,0.8955056662587755,0.9856709964999336,False
branch_feature_2,til_feature_10,0.02620967741935484,0.8886945514139857,0.9856709964999336,False
branch_feature_11,til_feature_4,-0.024596774193548387,0.8955056662587755,0.9856709964999336,False
statistical_feature_2,til_feature_2,0.021370967741935486,0.9091493356143368,0.9860203115210726,False
angle_feature_12,til_feature_2,0.023790322580645163,0.8989139921818861,0.9860203115210726,False
angle_feature_2,til_feature_9,0.020161290322580648,0.914272471805402,0.9860203115210726,False
branch_feature_10,til_feature_7,0.024193548387096777,0.8972096046528164,0.9860203115210726,False
curvature_feature_14,til_feature_1,-0.020161290322580648,0.914272471805402,0.9860203115210726,False
branch_feature_15,til_feature_12,-0.023387096774193553,0.9006188214672899,0.9860203115210726,False
curvature_feature_20,til_feature_8,-0.023790322580645163,0.8989139921818861,0.9860203115210726,False
branch_feature_9,til_feature_11,-0.021370967741935486,0.9091493356143368,0.9860203115210726,False
curvature_feature_15,til_feature_10,0.022580645161290325,0.9040297757655772,0.9860203115210726,False
branch_feature_2,til_feature_11,-0.022983870967741935,0.9023240851249664,0.9860203115210726,False
angle_feature_16,til_feature_12,-0.02217741935483871,0.905735885994595,0.9860203115210726,False
curvature_feature_13,til_feature_2,0.0217741935483871,0.9074424084123935,0.9860203115210726,False
branch_feature_9,til_feature_7,-0.020564516129032262,0.9125643747275991,0.9860203115210726,False
angle_feature_4,til_feature_2,0.020564516129032262,0.9125643747275991,0.9860203115210726,False
statistical_feature_1,til_feature_7,-0.022580645161290325,0.9040297757655772,0.9860203115210726,False
statistical_feature_5,til_feature_12,0.021370967741935486,0.9091493356143368,0.9860203115210726,False
statistical_feature_5,til_feature_5,0.02217741935483871,0.905735885994595,0.9860203115210726,False
branch_feature_13,til_feature_4,-0.020161290322580648,0.914272471805402,0.9860203115210726,False
curvature_feature_10,til_feature_7,0.019758064516129034,0.9159809440004958,0.9867566272435352,False
curvature_feature_18,til_feature_2,0.018145161290322582,0.9228184353203907,0.987851604525617,False
branch_feature_11,til_feature_3,0.018145161290322582,0.9228184353203907,0.987851604525617,False
curvature_feature_18,til_feature_9,-0.017741935483870968,0.9245286715887115,0.987851604525617,False
branch_feature_13,til_feature_5,0.018145161290322582,0.9228184353203907,0.987851604525617,False
angle_feature_18,til_feature_9,0.01895161290322581,0.9193989840247143,0.987851604525617,False
branch_feature_1,til_feature_11,-0.017338709677419357,0.9262392383389881,0.987851604525617,False
curvature_feature_13,til_feature_12,0.017338709677419357,0.9262392383389881,0.987851604525617,False
statistical_feature_14,til_feature_6,-0.018548387096774192,0.9211085369838281,0.987851604525617,False
branch_feature_3,til_feature_7,-0.017338709677419357,0.9262392383389881,0.987851604525617,False
statistical_feature_11,til_feature_5,-0.01693548387096774,0.9279501281173965,0.9885803136754546,False
branch_feature_10,til_feature_11,0.014516129032258067,0.9382218324805423,0.9892967757129576,False
angle_feature_7,til_feature_5,-0.014112903225806453,0.9399347744299826,0.9892967757129576,False
curvature_feature_14,til_feature_6,-0.015725806451612905,0.9330846610247484,0.9892967757129576,False
statistical_feature_18,til_feature_3,-0.014919354838709679,0.9365091612774601,0.9892967757129576,False
branch_feature_8,til_feature_11,-0.014919354838709679,0.9365091612774601,0.9892967757129576,False
angle_feature_5,til_feature_11,-0.015322580645161293,0.9347967683001777,0.9892967757129576,False
statistical_feature_15,til_density_score,0.014516129032258067,0.9382218324805423,0.9892967757129576,False
angle_feature_13,til_feature_11,0.015322580645161293,0.9347967683001777,0.9892967757129576,False
curvature_feature_5,til_feature_11,-0.014919354838709679,0.9365091612774601,0.9892967757129576,False
curvature_feature_4,til_feature_8,0.014112903225806453,0.9399347744299826,0.9892967757129576,False
angle_feature_17,til_feature_8,-0.014919354838709679,0.9365091612774601,0.9892967757129576,False
angle_feature_16,til_density_score,-0.013306451612903229,0.9433614406337791,0.9896550773061019,False
statistical_feature_4,til_feature_7,-0.013306451612903229,0.9433614406337791,0.9896550773061019,False
branch_feature_10,til_feature_6,0.013306451612903229,0.9433614406337791,0.9896550773061019,False
angle_feature_15,til_feature_2,0.0125,0.9467890999890156,0.990012080640688,False
branch_feature_15,til_feature_10,-0.012903225806451615,0.9450751499131311,0.990012080640688,False
angle_feature_10,til_feature_5,0.0125,0.9467890999890156,0.990012080640688,False
curvature_feature_10,til_feature_6,0.012096774193548388,0.9485032833664158,0.9907276423436394,False
angle_feature_1,til_feature_2,0.011693548387096776,0.950217692547473,0.9914418874519187,False
curvature_feature_3,til_feature_3,0.009677419354838712,0.9587928628951106,0.9939210496822158,False
statistical_feature_19,til_feature_8,0.010483870967741936,0.9553621998932846,0.9939210496822158,False
curvature_feature_9,til_feature_9,0.009677419354838712,0.9587928628951106,0.9939210496822158,False
curvature_feature_16,til_feature_6,0.010080645161290324,0.9570774372567347,0.9939210496822158,False
curvature_feature_19,til_feature_9,-0.01088709677419355,0.9536471583154607,0.9939210496822158,False
branch_feature_7,til_feature_2,-0.009677419354838712,0.9587928628951106,0.9939210496822158,False
curvature_feature_8,til_density_score,0.00846774193548387,0.9639401943189245,0.9949683121618083,False
branch_feature_5,til_feature_7,0.008870967741935484,0.9622242489424588,0.9949683121618083,False
curvature_feature_5,til_feature_10,0.00846774193548387,0.9639401943189245,0.9949683121618083,False
statistical_feature_9,til_feature_1,-0.008870967741935484,0.9622242489424588,0.9949683121618083,False
statistical_feature_15,til_feature_2,-0.00806451612903226,0.9656562979054862,0.9956713382476717,False
angle_feature_6,til_feature_12,0.0032258064516129037,0.9862591419390376,0.9982823135694543,False
angle_feature_17,til_feature_6,0.002419354838709678,0.9896941453309824,0.9982823135694543,False
branch_feature_14,til_feature_4,-0.0032258064516129037,0.9862591419390376,0.9982823135694543,False
curvature_feature_14,til_feature_4,0.005645161290322581,0.9759558205230285,0.9982823135694543,False
angle_feature_20,til_feature_10,0.002419354838709678,0.9896941453309824,0.9982823135694543,False
curvature_feature_9,til_feature_8,-0.0008064516129032259,0.996564634679463,0.9982823135694543,False
curvature_feature_7,til_feature_8,0.005645161290322581,0.9759558205230285,0.9982823135694543,False
statistical_feature_11,til_feature_9,-0.0008064516129032259,0.996564634679463,0.9982823135694543,False
curvature_feature_2,til_feature_5,-0.002419354838709678,0.9896941453309824,0.9982823135694543,False
statistical_feature_19,til_density_score,-0.004838709677419356,0.9793899192479512,0.9982823135694543,False
statistical_feature_19,til_feature_10,-0.004838709677419356,0.9793899192479512,0.9982823135694543,False
statistical_feature_19,til_feature_3,-0.0008064516129032259,0.996564634679463,0.9982823135694543,False
branch_feature_2,til_feature_4,0.006048387096774194,0.9742389256833706,0.9982823135694543,False
statistical_feature_17,til_feature_7,0.001209677419354839,0.9948469708704886,0.9982823135694543,False
curvature_feature_8,til_feature_12,-0.0016129032258064518,0.9931293296828099,0.9982823135694543,False
curvature_feature_10,til_feature_8,0.001209677419354839,0.9948469708704886,0.9982823135694543,False
statistical_feature_10,til_feature_6,0.005241935483870968,0.9776728208886185,0.9982823135694543,False
angle_feature_13,til_feature_9,0.0028225806451612906,0.9879766172456439,0.9982823135694543,False
statistical_feature_8,til_feature_1,0.00040322580645161296,0.9982823135694543,0.9982823135694543,False
statistical_feature_5,til_feature_9,0.00040322580645161296,0.9982823135694543,0.9982823135694543,False
curvature_feature_4,til_feature_12,-0.0068548387096774195,0.970805482704083,0.9982823135694543,False
curvature_feature_7,til_feature_11,0.00403225806451613,0.982824379813206,0.9982823135694543,False
curvature_feature_15,til_feature_6,-0.0032258064516129037,0.9862591419390376,0.9982823135694543,False
angle_feature_7,til_feature_9,-0.0032258064516129037,0.9862591419390376,0.9982823135694543,False
branch_feature_6,til_feature_8,0.006048387096774194,0.9742389256833706,0.9982823135694543,False
branch_feature_4,til_feature_1,0.005645161290322581,0.9759558205230285,0.9982823135694543,False
curvature_feature_16,til_feature_12,0.005241935483870968,0.9776728208886185,0.9982823135694543,False
curvature_feature_17,til_feature_2,0.0016129032258064518,0.9931293296828099,0.9982823135694543,False
branch_feature_2,til_feature_12,0.0036290322580645167,0.9845417269491434,0.9982823135694543,False
